,zipcode,drug_change_area,larceny_change_area,robbery_change_area,drug_change_pop,larceny_change_pop,robbery_change_pop,drug_change_rate,petit_larceny_change_rate,robbery_change_rate,SS_change_rate,H_change_rate,N_change_rate,T_change_rate,PHS_change_rate,VP_change_rate,SS_change_pop,H_change_pop,N_change_pop,T_change_pop,PHS_change_pop,VP_change_pop,SS_change_area,H_change_area,N_change_area,T_change_area,PHS_change_area,VP_change_area,MasterCard_growth_rank,pv_change_area,sub_change_area,taxi_change_area,fhv_change_area,log_fhv_taxi_change,renovation_index_with_rent,business_renewal,rent_increase,new_building_tbp,major_renovation_tbp
0,10001,-6.80E-06,-7.72E-05,-9.55E-07,-0.005398653,-0.061259091,-0.000758488,-0.47826087,-0.402993836,-0.173469388,0.086225625,0.20240481,0.733872315,1.653846154,1.223684211,-0.157601116,0.743764779,0.540757596,9.801008343,1.918529425,2.074688797,-2.52085843,0.936783112,0.681092461,12.34451987,2.416417146,2.613102263,-3.175059739,446.31,-0.180105933,-0.833415137,-0.169423284,-7.02E-05,-1.376286391,12.44691366,0.533825338,0.11790456,0.050108804,0.037875669
1,10002,2.44E-06,8.75E-07,-4.95E-07,0.000787159,0.000282885,-0.000159892,0.205787781,0.02754491,-0.071428571,0.365812274,0.0794,0.890855457,-0.162849873,0.431623932,-0.192207792,1.246294816,0.195313941,11.14322612,-0.393579731,0.621118012,-0.455076564,3.855765006,0.60425884,34.47471722,-1.217650056,1.921603995,-1.407907878,635.54,-0.034883848,0.027568434,-0.040356742,0.006078014,2.194056597,10.81838678,0.473818646,0.128549277,0.055533479,0.048181999
2,10003,-9.14E-06,-2.12E-05,-8.37E-07,-0.002541251,-0.005887827,-0.00023265,-0.614718615,-0.178030303,-0.134020619,0.10592993,-0.135309096,0.525909091,0.097826087,0.619318182,0.379032258,0.459393679,-0.342352983,6.418805254,0.080532589,0.975339132,2.102795376,1.652038769,-1.23114537,23.08284944,0.28960555,3.50744499,7.561922685,342.43,-0.204035813,-0.372673946,-0.218570679,0.031182344,1.40350874,6.758775016,0.420634921,0.165323834,0.012487181,0.041865235
3,10004,6.25E-06,1.77E-05,1.50E-06,0.011431184,0.032464563,0.002743484,5,0.572580645,1,-0.29435073,0,0.348636364,-0.490384615,1.636363636,-0.573426573,-11.88843164,0,3.507087334,-11.65980796,4.115226337,-18.7471422,-1.918033243,0,0.565819807,-1.881147988,0.663934584,-3.024590882,695.11,-0.032956987,2.800295046,-0.047085735,0.004810968,3.69635145,9.302646284,0.496062992,0.160637618,0.01039021,0.021934888
4,10005,9.60E-07,4.32E-06,1.44E-06,0.0002467,0.001110152,0.000370051,1,0.101123596,1,-0.406609619,-0.146981627,0.611820013,-0.142857143,1.666666667,-0.469565217,-5.099296904,-0.138152214,3.371160725,-0.55507586,0.308375478,-3.330455162,-19.84731737,-0.53771155,13.12112201,-2.16044819,1.200248995,-12.96268914,424.63,-0.136417254,-3.080543226,-0.161191215,0.017093466,2.731062332,8.584641715,0.388888889,0.109913077,0.000869817,0.027834155
5,10006,4.08E-06,1.98E-05,5.83E-07,0.002324809,0.01129193,0.000332116,3.5,0.395348837,0.25,-0.045798031,-0.052631579,0.787014265,0.133333333,6.333333333,-0.188679245,-0.664231152,-0.083028894,5.31384922,0.664231152,3.155097974,-1.660577881,-1.165066017,-0.145633252,9.320528139,1.165066017,5.534063582,-2.912665043,655.11,0.757069987,0.146995214,-0.018211461,0.630789461,1.48304151,34.259354,0.490566038,0.053026218,0.05694649,0.029945999
6,10007,0,-1.80E-05,-5.63E-07,0,-0.013109381,-0.000409668,0,-0.143283582,-0.25,-0.208278987,0.4704,2.378863636,-0.184210526,0.147058824,-0.27388535,-4.143110747,0.802949611,14.29332241,-2.389730985,0.341390141,-2.93595521,-5.694582345,1.103630329,19.64574601,-3.284614075,0.469230582,-4.035383006,465.69,-0.125330677,-2.072437198,-0.118645745,0.00127931,2.356274365,14.98318728,0.427777778,0.185828987,0.021509506,0.046667947
7,10009,-9.43E-07,-4.15E-06,-1.07E-06,-0.000244081,-0.001073957,-0.000276625,-0.062761506,-0.109634551,-0.202380952,0.095890411,-0.078624079,0.570844338,0.126315789,0.947368421,-0.06557377,0.227808966,-0.177040111,9.812057603,0.097632414,1.61093483,-0.16272069,0.880308297,-0.684125305,37.91613596,0.377274985,6.225037246,-0.628791641,414.56,-0.078026844,-0.083670411,-0.076177785,0.005550281,2.318242006,13.49446976,0.543378995,0.172202819,0.037009732,0.04747862
8,10010,4.09E-07,-1.64E-05,4.09E-07,0.000133864,-0.005354573,0.000133864,0.235294118,-0.294117647,0.153846154,0.520637219,0.387283237,1.24537037,0,0.230769231,-0.307692308,1.684347913,0.560556876,9.002376092,0,0.351393862,-2.007964928,5.152330251,1.714713525,27.53778735,0,1.074895045,-6.142257402,406.96,-0.149240119,-0.577595262,-0.146374068,0.025883268,2.500108435,5.662990197,0.351738241,0.124664582,0.015324996,0.029416946
9,10011,-2.48E-06,-1.28E-05,-5.52E-08,-0.000889434,-0.004585524,-1.98E-05,-0.191489362,-0.175226586,-0.00952381,0.193832599,-0.182444062,0.2659051,0.28125,0.968944099,-0.269982238,0.86966834,-0.523777523,2.424595802,0.266830059,1.541684785,-1.502154406,2.428468247,-1.462600194,6.770459088,0.745098212,4.305011893,-4.194626972,419.46,-0.185130831,-0.55030807,-0.169507521,0.00619999,2.323158143,9.547735536,0.470756063,0.215899957,0.021508916,0.049492455
10,10012,4.35E-06,-6.15E-05,-5.44E-07,0.001647718,-0.023274015,-0.000205965,0.384615385,-0.407354001,-0.111111111,0.737857862,-0.3525,0.497736944,-0.298780488,0.064516129,0.236111111,3.323035096,-1.858625803,10.60018125,-1.00922722,0.164771791,1.75070028,8.774449656,-4.907687721,27.98970038,-2.664857029,0.435078699,4.622711174,399.63,-0.287975966,-0.424438414,-0.250638391,0.003587006,2.044423037,14.33200322,0.456521739,0.185828987,0.02721807,0.053054924
11,10013,1.22E-06,-2.25E-06,-4.49E-07,0.000678935,-0.00125067,-0.000250134,0.322033898,-0.055910543,-0.170731707,0.230944847,-0.364797864,0.377750496,-0.109589041,-0.219512195,-0.460759494,2.060389494,-1.367160979,4.288011435,-0.714668572,-0.643201715,-3.251742005,3.700761096,-2.45562122,7.701896141,-1.283649357,-1.155284421,-5.840604574,437.76,-0.053415754,0.004510295,-0.095790595,0.039919505,1.159055596,11.99255429,0.434645669,0.185828987,0.025794205,0.066048797
12,10014,2.61E-06,-1.19E-05,-7.07E-07,0.001181052,-0.005362615,-0.000319203,0.25170068,-0.274959083,-0.11627907,0.221587762,-0.198002605,0.111934516,-0.158371041,0.428571429,-0.442455243,1.659856997,-0.582226762,1.798391216,-0.55860572,1.340653728,-2.761108274,3.674638457,-1.288950105,3.981329436,-1.236657173,2.967977215,-6.112619741,325.7,-0.136646464,-0.053753742,-0.156466734,0.039918516,1.985512539,13.84500187,0.519191919,0.212289336,0.015490398,0.067256777
13,10016,5.19E-06,-5.38E-06,-3.32E-07,0.001428414,-0.001483353,-9.16E-05,1.591836735,-0.140138408,-0.087719298,0.650747256,-0.161401227,0.337053571,0.052631579,0.10106383,-0.265873016,2.160934696,-0.318096912,2.76526389,0.036626012,0.173973556,-1.840457093,7.844491316,-1.154735713,10.03828973,0.13295748,0.63154803,-6.681113366,412.65,-0.213590594,-0.277336007,-0.194328614,0.004944024,2.274130031,6.735035113,0.473071325,0.108511334,0.022838096,0.026973644
14,10017,1.84E-06,3.27E-06,1.02E-07,0.001130795,0.002010303,6.28E-05,0.947368421,0.081841432,0.033333333,0.031142946,0.091743119,1.279973133,0.352941176,0.085714286,-0.374509804,0.188465888,0.157054906,7.183063199,0.376931775,0.094232944,-5.999497424,0.306298,0.255248334,11.67403778,0.612596,0.153149,-9.750486341,508.41,-0.32527153,-0.068847418,-0.314938587,0.022715468,2.293811995,7.66362806,0.876826722,0.077874984,0.006598028,0.018779002
15,10018,-3.74E-07,-7.85E-06,-6.54E-07,-0.000726876,-0.015264401,-0.001272033,-0.025477707,-0.124814264,-0.084337349,0.236585597,0.243051266,0.35845395,0.393939394,1.266666667,-0.300632911,4.542976558,1.430129021,8.055606033,1.181173905,3.452662184,-8.631655461,2.335183566,0.735115787,4.140747499,0.607147727,1.77473951,-4.436848776,518.37,0.045300796,0.241894193,-0.069632361,0.096635687,1.578727214,9.645610585,0.463736264,0.185828987,0.038077803,0.019313501
16,10019,-4.25E-07,1.06E-07,7.44E-07,-0.000190631,4.77E-05,0.000333603,-0.043010753,0.001743679,0.202898551,0.089436346,0.262842466,-0.045143948,0.43,0.412844037,-0.50669413,0.603822142,0.658390125,-0.524233904,0.512319497,0.536148311,-5.861888195,1.345840471,1.46746536,-1.168448712,1.141893059,1.195004364,-13.06538105,537.85,-0.171055749,0.278644373,-0.179228891,0.018474289,2.312289836,5.811130826,0.429090909,0.125197944,0.020120397,0.032105863
17,10021,1.91E-07,2.76E-06,7.62E-07,4.42E-05,0.000640191,0.000176604,1,0.134259259,1,0.411206843,-0.045438839,0.332520505,-0.132231405,0.844444444,-0.34421365,1.46449149,-0.058058677,0.993399413,-0.17660434,1.258305923,-1.280381465,6.321024938,-0.250592336,4.287701571,-0.762258057,5.431088656,-5.526370913,449.8,-0.131838171,-0.531436408,-0.138084827,0.021594104,1.906521272,8.537220173,0.473572939,0.105119608,0.01042422,0.042422045
18,10022,3.22E-06,6.60E-06,-3.14E-07,0.001237362,0.002535084,-0.000120718,3.153846154,0.12173913,-0.114285714,0.380029889,0.335093897,0.59127404,0.289473684,0.275510204,-0.325757576,2.072129169,0.516976007,2.867059001,0.165987626,0.407424174,-3.244303606,5.394263793,1.345816178,7.4636624,0.432106771,1.060625709,-8.445723242,359.93,-0.287980196,-1.346611962,-0.27759634,0.022565637,2.50374021,3.71533971,0.336647727,0.148245936,0.014636186,0.019654307
19,10023,2.37E-06,1.38E-05,-6.57E-07,0.000573248,0.003343949,-0.000159236,0.947368421,0.216942149,-0.161290323,0.439694996,-0.01062913,0.276511367,0.756756757,0.050228311,-0.229314421,1.257961783,-0.011783439,1.454458599,0.222929936,0.087579618,-0.772292994,5.19302518,-0.048643527,6.00418886,0.920282943,0.361539728,-3.188123054,319.46,-0.101272263,-0.212783352,-0.103693229,0.022316993,2.188075908,5.902964042,0.374745418,0.126840427,0.012547614,0.041974755
20,10024,1.75E-07,2.01E-06,-4.37E-07,6.84E-05,0.000786043,-0.000170879,0.058823529,0.087954111,-0.185185185,0.537576827,-0.248849558,0.639653213,2.034482759,0.359322034,-0.239057239,1.509543583,-0.480511269,4.135267682,0.504092548,0.905657798,-0.606619846,3.86146368,-1.229164124,10.57815498,1.289485834,2.316703363,-1.551754139,425.11,-0.015263184,-0.109613639,-0.016389903,0.004740368,2.66772033,8.768991825,0.4971537,0.218437073,0.007474333,0.061765914
21,10025,-2.55E-06,1.42E-05,-1.12E-06,-0.000520541,0.002894205,-0.000229038,-0.294117647,0.282233503,-0.150684932,0.376661959,-0.106731707,0.508615196,2.764705882,0.80952381,-0.06514658,0.805172091,-0.227788536,4.403772878,0.489308098,1.7698378,-0.104108106,3.939678435,-1.114561212,21.54750424,2.394167138,8.659753477,-0.509397263,412.61,-0.063931601,-0.143116435,-0.083255052,0.010353958,1.709136078,5.259394319,0.553706505,0.102593272,0.006493506,0.031675641
22,10026,9.01E-06,1.12E-05,-1.35E-06,0.002914347,0.003613791,-0.000437152,0.253164557,0.286374134,-0.104895105,0.438257654,-0.113968033,0.438464312,2.315789474,1.112195122,0.08,0.621630286,-0.38236237,10.27802874,0.641156413,3.322355958,0.116573893,1.922889431,-1.182761807,31.79303403,1.983289615,10.27704619,0.360598112,549.78,0.106116429,0.03889871,0.003345797,0.056083193,1.429029611,22.79927041,0.428298279,0.209535873,0.043233639,0.103346165
23,10027,-1.10E-05,2.15E-06,5.67E-07,-0.004621498,0.000903835,0.000238749,-0.479646018,0.044463087,0.06763285,0.140622253,-0.219529903,0.589435665,1.46875,0.178571429,-0.028735632,0.409283924,-0.825048176,8.82228551,0.801514351,0.511604905,-0.042633742,0.971845691,-1.959078939,20.9485388,1.903197811,1.214807114,-0.101233926,523.74,0.027761503,-0.080829985,-0.019355399,0.020518173,2.569648224,19.29554308,0.585760518,0.246723133,0.04745608,0.08384668
24,10028,-5.08E-07,2.44E-06,-4.06E-07,-0.000105197,0.000504944,-8.42E-05,-0.416666667,0.054545455,-0.166666667,-0.081655629,-0.106202209,1.129516121,0.3125,1.626262626,-0.25,-0.259415106,-0.157795077,4.768777614,0.157795077,1.693667158,-0.810014728,-1.252788231,-0.762036637,23.02976322,0.762036637,8.179193236,-3.91178807,357.83,-0.16786928,-1.275751138,-0.154495235,0.000627309,2.25330503,8.436126332,0.422566372,0.100740661,0.01489959,0.041999568
25,10029,4.79E-06,5.97E-06,-5.23E-06,0.0014193,0.001767674,-0.001548327,0.195729537,0.191876751,-0.454545455,0.237720588,0.107048904,0.804502226,1.242424242,0.444915254,-0.040462428,0.417145143,0.204766267,9.397571707,0.79351767,0.677393133,-0.045159542,1.407890372,0.691098676,31.71737933,2.678170674,2.286243258,-0.152416217,556.24,0.019926088,-0.062182202,-0.009509504,0.007970802,1.823810533,11.93000709,0.582978723,0.130842289,0.050204596,0.036512433
26,10030,-4.90E-06,7.48E-06,-4.77E-06,-0.001422156,0.002170659,-0.001384731,-0.242038217,0.256637168,-0.359223301,0.499877059,-0.239616613,0.238732464,0.530612245,0.546511628,0.260869565,0.760853293,-1.403443114,6.349550898,0.486526946,1.758982036,0.224550898,2.620635113,-4.833930975,21.86999278,1.675762738,6.058526822,0.773428956,542.04,0.042814771,0.027906864,-0.011721591,0.026460294,2.969228305,46.13200083,0.53271028,0.337247552,0.031855359,0.148514851
27,10031,-3.25E-05,2.37E-06,-3.61E-06,-0.00964743,0.000701631,-0.001069988,-0.820895522,0.089485459,-0.305,0.095058434,-0.249538616,1.006990492,2.342857143,0.491638796,0.526315789,0.181196281,-1.565339414,23.57481144,0.719172075,1.2892475,0.263111735,0.611164766,-5.279800943,79.51650008,2.425726565,4.348558598,0.887460938,575.93,0.00259407,-0.011107934,-0.013182882,0.000156785,2.591840999,27.06702934,0.940229885,0.290593062,0.021966304,0.069737684
28,10032,-7.34E-07,3.93E-06,-3.20E-06,-0.000295108,0.001579697,-0.001284588,-0.063909774,0.196544276,-0.456790123,0.110343522,-0.272467052,0.51372006,0.261904762,0.46875,0.14084507,0.202409471,-1.586293094,11.91421033,0.190952331,0.9113634,0.086796514,0.503463664,-3.945669778,29.63483846,0.474965721,2.266881849,0.215893509,611.83,0.008514633,0.018118301,-0.004678467,0.002301338,2.198731533,16.70519029,0.975609756,0.323772273,0.03112413,0.03112413
29,10033,-6.19E-07,6.25E-06,-1.55E-06,-0.000184216,0.001860585,-0.000460541,-0.08,0.265091864,-0.225225225,0.345716299,-0.224700098,1.130231829,3.159090909,0.359447005,0.708333333,0.632598924,-1.052427971,18.59977157,1.280303589,0.71844374,0.313167784,2.125518993,-3.536135704,62.49483873,4.301792954,2.413955758,1.052237125,528.76,0.016455834,0.019241703,-0.005609744,0.011562662,2.67936906,11.25697658,0.772300469,0.283793117,0.015116942,0.03051911
30,10034,2.04E-07,-1.14E-06,-4.90E-07,0.000127717,-0.000715216,-0.000306521,0.061728395,-0.080229226,-0.127659574,-0.002318129,-0.081860762,1.06996419,0.269230769,0.563106796,1.21875,-0.008684768,-0.392858055,25.26245881,0.357608113,1.481519324,0.498097014,-0.013875347,-0.627655391,40.36093511,0.571337807,2.366970917,0.795791946,610.7,0.033655553,0.009622267,-0.002275637,0.023326335,1.926723929,6.862735558,0.677710843,0.185828987,0.018360376,0.023911187
31,10035,6.34E-06,-5.96E-06,-3.30E-06,0.002809311,-0.002637312,-0.001461988,0.16360601,-0.108618654,-0.284916201,0.134533287,0.038617886,0.902272727,1.79245283,0.445783133,0.388235294,0.334250659,0.136165577,11.38057562,1.361655773,1.060658181,0.472996216,0.299430962,0.121980881,10.19503361,1.219808808,0.950166861,0.423723059,521.26,0.022582829,-0.108222782,-0.01560337,0.005755339,1.794479492,36.1101317,0.645945946,0.219434543,0.082904362,0.097263614
32,10036,6.93E-06,3.60E-06,1.67E-06,0.003355562,0.001741494,0.000807034,0.170995671,0.034923339,0.292307692,-0.119264706,-0.062962963,0.876287221,0.456521739,0.043103448,-0.355633803,-1.033428195,-0.180520749,13.33729771,0.891984879,0.106188676,-6.435033768,-2.135126288,-0.372966984,27.55567835,1.842895686,0.219392344,-13.29517602,460.39,-0.214803287,-1.002556578,-0.239446236,0.052389751,2.858405363,4.964093787,0.293019481,0.099074165,0.024207341,0.027825286
33,10037,4.17E-07,-2.64E-06,-3.89E-06,0.00017719,-0.001122202,-0.001653771,0.012396694,-0.128378378,-0.378378378,0.836004932,-0.174736842,0.363429603,0.65625,0.636363636,0.461538462,1.201346642,-0.686315043,5.945898057,0.620164196,1.033606993,0.531569311,2.829330072,-1.616362608,14.00337553,1.460568621,2.434281036,1.251915961,656.5,0.194581035,0,0.011561243,0.121030784,0.934710103,46.35080261,0.6875,0.185828987,0.099303136,0.053135889
34,10038,4.41E-06,3.70E-06,-2.85E-07,0.001620746,0.001359335,-0.000104564,1.033333333,0.111111111,-0.064516129,-0.339447853,-0.030883261,0.034629376,0.428571429,0.457627119,-0.244604317,-2.892769384,-0.052282114,0.383227898,1.0979244,0.705808543,-0.888795943,-7.878668064,-0.142394145,1.043749086,2.990277053,1.922320963,-2.420700472,484.61,0.189810109,5.848718059,-0.031594641,0.162737427,1.445715708,17.16796671,0.51048951,0.10557798,0.038294449,0.042316975
35,10039,-1.31E-06,6.06E-06,-1.90E-06,-0.000453908,0.002104481,-0.000660229,-0.063953488,0.219827586,-0.179775281,0.577101817,0.05893186,0.714081501,0.4375,1.732142857,0.071428571,0.563670876,0.211273418,15.04745399,0.288850376,2.001320459,0.061896509,1.622515115,0.608146222,43.31378931,0.831449913,5.76076011,0.178167838,400.04,0.029868297,-0.002280905,0.01043535,0.009248336,1.866299336,33.64795674,0.561702128,0.367019995,0.068728522,0.058419244
36,10040,6.73E-07,-2.45E-07,-5.51E-07,0.000268077,-9.75E-05,-0.000219336,0.305555556,-0.016949153,-0.134328358,0.094030001,-0.398568241,1.350071721,-0.131578947,0.592592593,0.870967742,0.22762167,-2.089537689,32.11244608,-0.182779714,0.974825141,0.329003485,0.571577444,-5.2470075,80.63709322,-0.458975464,2.447869139,0.826155834,620.17,0.056862334,0.021306437,-0.002578964,0.050681111,2.989534711,6.949469139,0.823529412,0.185828987,0.007801073,0.020965383
37,10044,-3.18E-07,-4.76E-07,3.18E-07,-0.000171512,-0.000257268,0.000171512,-0.666666667,-0.3,0.666666667,5.33,-0.058252427,6.383233533,0,14,-0.222222222,0.457079153,-0.020581425,0.914158305,0,0.60029157,-0.171511877,0.84655402,-0.038118755,1.693108041,0,1.111797025,-0.317656293,516.93,0.167430481,0.022714172,-0.00205108,0.133222031,2.527608045,31.75132337,0.513513514,0.086036097,0.137566138,0.005291005
38,10065,-8.74E-07,3.76E-06,-8.74E-08,-0.000298873,0.001285155,-2.99E-05,-0.588235294,0.128358209,-0.037037037,0.494765625,-0.097490745,0.57348159,0.903225806,0.316239316,-0.167202572,1.892764279,-0.141665919,1.633940046,0.418422547,0.552915509,-0.777070444,5.534591194,-0.414242259,4.777768839,1.223500343,1.61676831,-2.272214923,416.28,-0.109110138,-0.195439585,-0.112310575,0.020128154,2.190463297,8.523428457,0.378896882,0.189125407,0.014792186,0.049200096
39,10069,4.22E-07,-2.11E-06,0,0.00017094,-0.000854701,0,1,-0.625,0,1.75,-0.087058824,-0.187441425,-0.5,0,-0.428571429,1.196581197,-0.063247863,-0.341880342,-0.085470085,0,-0.769230769,2.950640975,-0.155962452,-0.843040279,-0.21076007,0,-1.896840627,466.33,0.976932395,0,-0.001511362,0.666422919,0.902645935,28.08952851,0.393939394,0.343455115,0.068441065,0.013307985
40,10075,0,5.41E-06,1.04E-06,0,0.001031623,0.000198389,0,0.198473282,0.714285714,0.26648328,0.147540984,1.281414523,-0.1,0.362637363,-0.401041667,1.2300123,0.178550173,5.118438281,-0.039677816,0.654683966,-1.527595921,6.445369712,0.935618184,26.82105461,-0.207915152,3.430600008,-8.004733352,375.3,0.044530319,0,-0.16010517,0.169197192,1.64478825,7.736414901,0.346031746,0.085571305,0.009936766,0.035230352
41,10128,-1.54E-06,1.54E-06,9.99E-07,-0.000304944,0.000304944,0.000197316,-0.739130435,0.048850575,0.379310345,-0.11192112,-0.367418754,0.484321811,0.263888889,0.048148148,-0.108614232,-0.382794002,-0.636794145,3.139126067,0.170409701,0.116596111,-0.260099017,-1.937941984,-3.223849129,15.89221402,0.86272019,0.590282235,-1.316783447,429.85,0.009986392,-0.201253186,-0.022277741,0.038336652,2.199178706,9.301787089,0.516736402,0.087561973,0.01469396,0.04023105
42,10280,0,2.69E-06,0,0,0.001892744,0,0,0.4,0,0.083333333,-0.454545455,1.157063931,-0.714285714,0,0.172413793,0.315457413,-0.394321767,4.624605678,-0.788643533,0,0.788643533,0.447604731,-0.559505914,6.561885361,-1.119011828,0,1.119011828,442.19,-0.018029362,0,-0.017363464,0.029915215,2.33913678,10.45019516,0.458333333,0.072263387,0.00620155,0.025581395
43,10282,1.92E-06,6.40E-06,1.28E-06,0.000724813,0.002416043,0.000483209,3,0.37037037,2,1.603603604,15.78947368,-0.066,0.333333333,0,-0.382978723,1.290166707,1.449625513,-0.079729403,0.120802126,0,-2.17443827,3.416845588,3.839152346,-0.211153379,0.319929362,0,-5.758728519,533.69,-0.14517307,0,-0.140805404,-2.05E-05,-0.345184519,2.696683662,0.285714286,0.185828987,0.001658375,0.008291874
44,10301,5.04E-07,-4.18E-07,-2.95E-07,0.001310648,-0.001088085,-0.000766606,0.913793103,-0.102088167,-0.344444444,0.347954126,-0.179250085,0.548782016,0.87704918,-0.033742331,1.857142857,3.59389683,-0.522528315,3.247935111,3.969039023,-0.136010683,2.893318166,1.381690929,-0.200888525,1.248684282,1.525916151,-0.052289962,1.112350091,654.24,0.001569224,0.008675456,-3.37E-06,0.001403643,1.50124537,15.6017351,0.50513347,0.063215509,0.205827068,0.092105263
45,10302,-7.44E-07,-4.74E-07,-6.09E-07,-0.001213927,-0.000772499,-0.000993213,-0.285714286,-0.069651741,-0.272727273,0.289401198,-0.204036697,0.565174859,1.465408805,0.30075188,1.934065934,2.666777024,-0.613584947,3.825525575,6.428295536,1.103570049,4.855708216,1.635238429,-0.376243562,2.345770335,3.941760336,0.676697053,2.977467035,465.89,0.001724439,0,1.18E-05,0.001648772,2.067830645,33.9530624,0.430985915,0.058360232,0.306744488,0.097924773
46,10303,-2.21E-07,5.64E-07,-2.45E-08,-0.000665484,0.00170068,-7.39E-05,-0.214285714,0.143302181,-0.040816327,0.672669857,-0.427631579,1.006568627,1.333333333,0.137724551,1.849056604,5.040298728,-1.201567584,3.795844425,4.658385093,0.425170068,3.623188406,1.670101412,-0.398139044,1.257751866,1.543554448,0.140879969,1.200542348,379.46,1.26E-05,0,2.04E-06,4.40E-06,3.127680131,14.23233559,0.371657754,0.037955007,0.269635127,0.063698207
47,10304,-6.21E-07,-1.14E-06,-4.68E-07,-0.001469809,-0.002698665,-0.00110838,-0.386075949,-0.294736842,-0.464646465,0.158682635,-0.106728142,0.236281095,0.912727273,0.435797665,2.186915888,1.277046889,-0.301190304,2.144474965,3.023950653,1.349332562,2.819141246,0.539568273,-0.127256668,0.906067478,1.277656949,0.570109874,1.191122414,460.81,0.000108796,0,8.36E-06,8.43E-05,1.020001965,19.36526259,0.437362637,0.044792274,0.297754367,0.122262268
48,10305,-4.49E-08,-5.65E-07,-5.38E-08,-0.000119772,-0.001509127,-0.000143726,-0.098039216,-0.232472325,-0.193548387,0.282133421,-0.141098901,0.85063569,0.192904656,0.34375,1.423076923,2.890336799,-0.230680784,2.227758348,1.042016002,1.053993197,2.658937383,1.082717331,-0.086412795,0.834516093,0.390338173,0.394824818,0.996035337,436.35,0.01235877,0,4.42E-06,0.008710769,0.460397195,15.08031626,0.378666667,0.082635541,0.287366046,0.100958827
49,10306,-2.18E-07,-8.62E-08,-1.72E-08,-0.000683429,-0.000269774,-5.40E-05,-0.475,-0.039267016,-0.130434783,0.277533632,-0.334826133,1.232285194,0.094218415,-0.129518072,1.15060241,3.339268372,-0.685766699,3.531167944,0.395669221,-0.773353476,1.717564116,1.066438467,-0.219008449,1.127724073,0.126362074,-0.246980417,0.548526276,415.13,0.007955736,0,6.61E-08,0.004302433,0.941966564,10.81128659,0.353092784,0.101370315,0.258196053,0.108628282
50,10307,5.00E-07,2.50E-06,0,0.001631669,0.008158343,0,2.090909091,2.254901961,0,0.202125984,-0.188571429,-0.314808175,0.866666667,0.38,1.3,1.821083995,-0.257519864,-1.86861521,0.922247446,1.347900114,1.383371169,0.55769937,-0.078864383,-0.572255606,0.28243443,0.412788782,0.423651645,450.63,0.029808407,0,-2.19E-08,0.017767081,0.294619069,19.54881497,0.295081967,0.046265535,0.339412361,0.090172239
51,10308,-1.12E-07,-1.05E-06,-1.59E-08,-0.000253513,-0.002390265,-3.62E-05,-0.28,-0.431372549,-0.111111111,0.491292106,-0.279789335,2.054004154,0.608391608,-0.069124424,0.648351648,5.118426771,-0.307837172,3.223236274,1.575401999,-0.271621034,1.068376068,2.252233523,-0.135455918,1.418303146,0.693215582,-0.119519928,0.470111717,528.47,0.000848785,0,2.75E-08,0.000768784,2.079735172,17.82035931,0.350515464,0.133951701,0.190899001,0.164261931
52,10309,1.30E-07,-6.49E-07,-3.24E-08,0.000845564,-0.004227819,-0.000211391,0.549019608,-0.606060606,-0.7,0.174208145,0.034965035,0.025641026,0.195767196,0.480851064,1.174418605,2.325300477,0.037748384,0.060397415,0.558676089,1.706226973,1.525034729,0.35675269,0.00579144,0.009266304,0.085713309,0.261773078,0.233974167,443.93,0.002836931,0,2.19E-07,0.002186194,1.423238185,9.275156444,0.281198003,0.098938621,0.398802395,0.042155689
53,10310,-4.30E-07,-3.55E-07,-5.99E-07,-0.00091989,-0.000759909,-0.001279846,-0.348484848,-0.081896552,-0.581818182,0.408859238,-0.170403587,1.106774626,0.764444444,0.426966292,1.358974359,3.946326441,-0.379954405,7.599088109,3.43958725,1.519817622,3.179618446,1.845565951,-0.17769207,3.553841398,1.608580844,0.71076828,1.487002059,558.48,0.001341683,0,1.06E-05,0.001248315,1.35087705,12.3828397,0.353281853,0.082639715,0.153550864,0.083173385
54,10312,-4.73E-08,-4.08E-07,1.18E-08,-0.000136738,-0.001179366,3.42E-05,-0.111111111,-0.302631579,0.181818182,0.20177665,-0.254219269,1.643977273,0.471751412,0.234042553,0.40776699,2.717669983,-0.326975011,2.472737839,1.427204047,0.940074522,0.71787509,0.940341912,-0.113136734,0.855592858,0.493827356,0.325275504,0.248392203,508.74,0.000533482,0,-3.07E-07,0.000498269,3.041441557,12.30888462,0.328254848,0.133651748,0.323935213,0.106178764
55,10314,-1.90E-07,-8.02E-08,-7.38E-08,-0.001053494,-0.000444809,-0.000409692,-0.769230769,-0.047146402,-0.625,0.446360401,-0.195744681,0.839048999,0.610169492,0.229681979,2.164750958,4.448086152,-0.269226267,1.830036287,2.528385813,0.760856842,3.30680089,0.801711904,-0.048524668,0.329841156,0.455709925,0.137134931,0.596009508,339.48,0.000621147,0,1.16E-06,0.000421606,0.736458147,7.344952482,0.413123845,0.068299615,0.268703154,0.093621836
56,10451,-7.29E-06,-3.28E-06,3.45E-07,-0.004780245,-0.002152243,0.000226552,-0.304473304,-0.110981308,0.063694268,1.093361693,-0.069413448,0.88351562,2.398373984,4.493055556,1.694444444,2.212732216,-0.274807431,9.681241504,3.341640236,7.32895333,0.690983235,3.37443479,-0.419083588,14.76397275,5.096028786,11.17671398,1.053755105,608.5,0.002500757,-0.001180897,-0.004517983,0.00113384,3.50042369,19.09039516,0.681818182,0.142706632,0.089519651,0.042303493
57,10452,-1.24E-05,2.18E-05,1.31E-06,-0.004480711,0.007883948,0.000473037,-0.516666667,0.873362445,0.180904523,0.592640901,-0.086383467,0.761028833,1.69273743,0.625514403,2.45,1.134368759,-0.494323557,10.79654157,3.981393882,0.998633449,0.321927888,3.133531431,-1.365498117,29.82390172,10.99803108,2.758582054,0.889279741,803.57,0.011047571,-0.172283975,-0.002533316,0.00798105,2.503174421,23.11703708,0.696969697,0.185828987,0.104064471,0.042747022
58,10453,-8.00E-06,-3.38E-06,-1.01E-06,-0.00265546,-0.001121481,-0.000335155,-0.43006263,-0.142622951,-0.097378277,0.746690687,-0.092038396,0.870813732,1.893656716,0.755102041,1.555555556,1.228859441,-0.525291327,9.616376199,6.541971744,1.430854904,0.270702279,3.70235026,-1.582615893,28.97255108,19.70987892,4.310929182,0.815581197,684.63,0.003855265,-0.00054508,-0.002172866,0.003405556,3.780170962,25.51213663,0.869639794,0.185828987,0.069010845,0.056523168
59,10454,-3.09E-06,3.03E-06,3.22E-08,-0.002562323,0.002508941,2.67E-05,-0.18147448,0.25613079,0.006369427,0.623084112,-0.082323006,0.408057346,1.087591241,1.674698795,1.172413793,1.779480062,-0.29359953,4.679709603,1.988469546,1.855015214,0.453744729,2.146240983,-0.354112057,5.644224262,2.398304383,2.237344358,0.547264087,408.61,0.012945515,0.003049162,-0.000667117,0.010464398,2.387206585,23.98702107,0.647619048,0.185828987,0.116654702,0.057430007
60,10455,-1.34E-05,1.66E-06,-1.21E-06,-0.006652608,0.000828438,-0.0006025,-0.354752343,0.047826087,-0.121827411,0.424389848,-0.079158058,0.152840576,1.718181818,0.570552147,1.45,1.313952905,-0.307777276,2.418536928,4.744690465,1.16734448,0.364010644,2.637185168,-0.617728127,4.854153976,9.522888742,2.342932944,0.730591993,699.85,0.007156484,-0.052432522,-0.001870319,0.005155662,2.923817835,23.12992213,0.674418605,0.185828987,0.078175896,0.050669562
61,10456,-1.51E-05,5.75E-06,-3.31E-06,-0.005056494,0.001924153,-0.001107506,-0.401064774,0.261796043,-0.326732673,0.345261317,0.016638012,0.842819601,2.521246459,0.446601942,1.676470588,0.574225305,0.067121602,8.71831301,4.978185479,1.029197897,0.318827609,1.714803867,0.200444637,26.03541979,14.86631056,3.07348443,0.952112025,539.52,0.025019941,0.006001246,-0.001280002,0.013405938,1.460860315,23.65916838,0.873770492,0.148957093,0.078600269,0.050336474
62,10457,-9.99E-06,2.28E-06,-1.57E-06,-0.005352085,0.001224147,-0.000839822,-0.494736842,0.117166213,-0.201365188,0.538304996,-0.286483117,0.813636364,2.180428135,0.744047619,2.757575758,1.167209941,-1.962478471,10.19173558,5.074516391,1.779283447,0.647659175,2.178498322,-3.662799556,19.02200973,9.471154288,3.320881588,1.208800898,571.06,0.006176979,0.019398491,-0.001098344,0.005046757,2.859072739,23.17692311,0.705705706,0.139519897,0.1265625,0.050260417
63,10458,-3.64E-06,7.78E-07,-1.72E-06,-0.001650664,0.000352814,-0.00078123,-0.202786378,0.032369942,-0.219858156,0.582538411,-0.268676542,0.511273041,2.153623188,0.485714286,0.636363636,1.008039112,-1.682165268,7.329200373,4.681081626,1.071041556,0.132305133,2.224149021,-3.711548679,16.17123149,10.32839202,2.363158335,0.291919559,588.02,0.011792743,0.020970945,-0.001832437,0.008099405,2.384891031,14.25397804,0.683561644,0.185828987,0.066514922,0.038947901
64,10459,-6.56E-06,3.99E-06,-5.81E-06,-0.003162123,0.001922913,-0.002798906,-0.331838565,0.140186916,-0.453287197,0.225658724,-0.060908084,0.980162864,1.402631579,0.4,1.727272727,0.726433638,-0.29377831,9.849585506,5.693957781,1.025553372,0.40594821,1.507630793,-0.60970363,20.44169987,11.81716489,2.128419943,0.842499561,542.13,0.001691921,0.006102047,-0.001384789,0.001179987,3.093251836,25.677835,0.664609053,0.119510439,0.111305872,0.052585451
65,10460,-6.57E-06,1.02E-06,-2.02E-06,-0.004076231,0.000635257,-0.001252867,-0.413978495,0.057052298,-0.324200913,0.594546573,-0.160106346,1.048144168,2.00511509,0.637065637,3.333333333,1.535203812,-0.818245986,10.49938239,6.917240162,1.455796718,0.794070937,2.47470773,-1.318990775,16.92472528,11.15040724,2.346705606,1.28002124,500.59,0.028127886,-0.017939384,-0.000886109,0.022147496,2.602455017,27.32843312,0.711267606,0.185828987,0.153690597,0.038422649
66,10461,2.87E-07,-3.66E-07,3.18E-08,0.00035609,-0.000455004,3.96E-05,0.1875,-0.043071161,0.02247191,0.306817929,-0.1685623,0.816825939,0.920485175,0.725099602,2.011695906,2.723298186,-0.521869869,4.734613939,6.755821084,1.800233437,3.402639024,2.191198807,-0.419902837,3.809527898,5.435815724,1.448489695,2.737804698,506.89,0.009728487,0.001038201,-0.000533849,0.008353599,2.984750164,11.13102241,0.497005988,0.09227113,0.083149606,0.079370079
67,10462,4.53E-07,3.96E-06,-8.11E-07,0.00031715,0.002775061,-0.000568227,0.090225564,0.361445783,-0.242937853,0.326512139,-0.16647541,0.530772371,1.208894879,0.461318052,2.611111111,1.334672411,-0.536776171,3.951158919,5.926738378,1.063773555,1.242170362,1.904851219,-0.766089668,5.639114005,8.458671007,1.518223001,1.772831828,498.89,0.003755196,-0.005539949,-0.000794643,0.002783082,2.706864326,11.90203826,0.609103079,0.01038706,0.093670886,0.047151899
68,10463,3.00E-07,-1.12E-06,-6.81E-07,0.000155717,-0.000580399,-0.000353902,0.075862069,-0.044133477,-0.240384615,0.610311893,-0.149929789,1.159178457,1.502283105,1.41350211,0.349206349,2.180037089,-0.529012896,9.243923501,4.657351963,2.371144236,0.155716935,3.86710387,-0.938400465,16.39752485,8.261540085,4.206103235,0.276221705,569.93,0.067193136,0.016338604,-0.00121526,0.045969279,2.146274605,14.03208626,0.523326572,0.192732221,0.093773257,0.042421235
69,10464,-1.05E-07,-1.57E-07,0,-0.001802614,-0.002703921,0,-0.727272727,-0.413793103,0,-0.309038178,-0.377648305,-0.359550562,1.676470588,-0.862068966,-0.048387097,-14.64623704,-1.60657954,-7.21045516,6.421811627,-50.69851284,-0.337990086,-0.703783339,-0.077199619,-0.346477951,0.308581925,-2.436173096,-0.016241154,606.2,0.003366224,0,1.84E-05,0.002743495,0.810332543,20.36632779,0.328125,0.162402558,0.346441948,0.119850187
70,10465,-2.58E-07,7.56E-07,5.53E-08,-0.000666476,0.001951823,0.000142816,-0.243478261,0.241887906,0.206896552,0.8419937,-0.09474824,1.169345776,0.910179641,-0.039735099,3.019736842,6.807578787,-0.166619061,5.696705703,3.618013901,-0.142816338,5.462724936,2.637798612,-0.064561505,2.207357839,1.401906955,-0.055338432,2.11669504,551.17,0.002155643,0,-1.42E-05,0.00170209,1.935730909,17.54000787,0.483028721,0.131215962,0.209366391,0.124885216
71,10466,1.99E-07,3.08E-06,2.90E-07,0.000159554,0.002465841,0.000232079,0.065088757,0.421836228,0.091954023,0.808943089,-0.228513389,0.660923318,1.134758364,0.478547855,1.702380952,2.886484291,-0.897421021,6.125873923,8.855269647,1.051608599,2.074207305,3.600995862,-1.119565899,7.642254182,11.04727625,1.311920603,2.587650293,606.85,0.004133349,-0.011498866,-5.49E-06,0.003365248,1.761550184,26.30045744,0.56952381,0.141464932,0.207331494,0.093417422
72,10467,-4.04E-07,1.50E-06,-3.03E-07,-0.000285913,0.001061961,-0.000214435,-0.060085837,0.134193548,-0.069306931,0.603100322,-0.218780728,0.774763021,1.874670185,0.737913486,2.96969697,1.473879835,-1.135992321,9.823142589,7.255034105,1.480619205,0.50034718,2.081741861,-1.604501746,13.87443307,10.24717744,2.091260703,0.706701893,560.02,0.003798351,-0.003684008,-0.000580487,0.002675069,2.454367875,15.4852799,0.615942029,0.111827384,0.123795404,0.064492216
73,10468,-3.77E-06,3.34E-06,-2.18E-06,-0.001783828,0.001578001,-0.001029131,-0.185979971,0.181962025,-0.267857143,0.289282836,-0.253624553,1.006704876,1.636363636,1.127659574,0.655172414,0.640394089,-1.478655817,16.46143502,4.569342865,1.818131921,0.130356628,1.354811182,-3.128229119,34.82564351,9.666855016,3.84642129,0.275781149,538.96,0.035517851,-0.018746412,-0.002162586,0.0242254,2.412781254,12.55707377,0.716297787,0.185828987,0.061173533,0.025593009
74,10469,-9.85E-07,4.12E-07,-3.53E-07,-0.00102917,0.000430101,-0.000368658,-0.336683417,0.066037736,-0.173913043,0.32144563,-0.191849266,0.558459716,1.586206897,0.536656891,3.038167939,2.170934394,-0.489547012,3.62006728,9.892321163,1.405508364,3.056788682,2.077133413,-0.468394834,3.463652668,9.464897178,1.344779646,2.924712016,431.06,0.034017135,-0.003433142,-3.24E-05,0.023084458,1.316227756,22.13278264,0.483918129,0.105440589,0.21735731,0.123924941
75,10470,-1.58E-06,2.55E-06,3.25E-07,-0.002306649,0.003731343,0.000474898,-0.425,0.743243243,0.166666667,0.777826087,-0.175835217,0.858560606,1.316872428,1.132352941,2.264705882,3.641112619,-0.949796472,7.688602442,10.85481682,2.611940299,5.223880597,2.491243099,-0.649849141,5.260528795,7.426847324,1.787085137,3.574170275,405.28,0.006431159,0.001193773,-5.51E-05,0.005917248,3.311120976,30.06345483,0.533333333,0.127981415,0.141321045,0.0906298
76,10471,-2.57E-07,1.12E-07,-1.12E-07,-0.000979682,0.000425949,-0.000425949,-0.306666667,0.064102564,-0.357142857,1.390070922,-0.229902329,1.31609132,1.927710843,0.820512821,2.445945946,8.348596499,-0.260680666,5.082847042,3.407590408,2.044554245,3.854836649,2.186245665,-0.068264405,1.331044363,0.892345169,0.535407102,1.009465473,539.85,0.013566542,-0.001953656,-3.24E-05,0.008377415,1.60633037,12.207411,0.416107383,0.230603343,0.130147433,0.095577021
77,10472,-8.62E-06,-3.78E-06,-2.00E-06,-0.004023751,-0.001763217,-0.000934354,-0.499065421,-0.180834621,-0.224637681,0.516650024,-0.165630522,1.236901823,1.834355828,0.385214008,1.09375,1.793357044,-0.762854904,13.06076316,9.011995901,0.745976249,0.263728977,3.843266404,-1.634841558,27.98996018,19.31322109,1.598669639,0.565186236,485.37,0.044535849,4.45E-05,-0.000455425,0.023809261,1.130201775,26.20899925,0.646076795,0.185828987,0.132075472,0.058280922
78,10473,-2.07E-06,6.22E-07,-1.28E-06,-0.002110356,0.000634823,-0.00130396,-0.299270073,0.063139932,-0.447058824,0.335309735,-0.191991223,0.694656489,1.433789954,0.645962733,2.953488372,1.950277949,-0.360304715,4.683961293,5.387413355,0.892183103,2.178985656,1.90970268,-0.352808624,4.586512111,5.275328949,0.873621355,2.133652154,367.94,0.024868276,0,-8.86E-05,0.014803178,1.321527283,27.50387874,0.613207547,0.119747899,0.262969589,0.046064401
79,10474,-1.72E-06,1.38E-06,-5.91E-07,-0.005699862,0.004559889,-0.001954238,-0.316742081,0.316384181,-0.436363636,0.251948204,-0.305221367,0.31511943,2.333333333,1.383561644,2.055555556,3.501343539,-2.065792688,4.071329696,11.39972315,4.112042993,1.506391988,1.058745864,-0.62466006,1.231099842,3.447079556,1.24341084,0.455506941,611.48,0.025409719,0,4.25E-05,0.016147401,0.784736943,11.20100706,0.356321839,0.185828987,0.1,0.068939394
80,10475,-6.21E-07,4.14E-07,5.18E-08,-0.000586353,0.000390902,4.89E-05,-0.52173913,0.034482759,0.038461538,0.157278499,-0.388888889,1.266171208,0.779411765,0.685714286,1.176470588,0.659646723,-0.256529281,1.123842564,1.294862085,0.293176321,0.488627202,0.698879002,-0.271786278,1.190682744,1.371873596,0.31061289,0.51768815,584.19,0.04263409,0,-2.75E-05,0.025211387,1.164347184,13.73831254,0.468864469,0.185828987,0.126279863,0.027303754
81,11001,0,4.37E-07,0,0,0.001014199,0,0,0.333333333,0,0.961915753,0.042222222,5.296137339,1,-0.305084746,0.928571429,4.226673428,0.096348884,3.128803245,2.028397566,-2.281947262,3.296146045,1.820827064,0.041506556,1.347870784,0.873822226,-0.983050005,1.419961118,449.91,0.096253221,0,-1.04E-05,0.070072023,1.582431406,70.5301802,0.36746988,0.211162374,0.119873817,0.359621451
82,11004,0,8.85E-08,-4.42E-08,0,0.000169837,-8.49E-05,0,0.05,-0.166666667,0.320754717,-0.232876712,0.290345996,0.301075269,0.373913043,2.291666667,2.887228261,-0.360903533,1.019021739,1.188858696,1.825747283,2.335258152,1.503990424,-0.187998803,0.53082015,0.619290175,0.951052768,1.216462843,459.41,0.014290219,0,-1.44E-05,0.011171243,1.800486054,53.91482076,0.484848485,0.170936767,0.172413793,0.279115159
83,11040,0,1.28E-06,0,0,0.003405705,0,0,2.666666667,0,-0.381365969,-0.145348837,9.278195489,0.724137931,1.882352941,0,-4.11238825,-0.425713069,5.253299276,8.939974457,6.81140911,0,-1.540833668,-0.159506591,1.968311332,3.34963841,2.552105455,0,438.56,0.332416152,0,-1.26E-06,0.219032377,0.899414823,41.3304571,0.169451074,0.227886879,0.110526316,0.386842105
84,11101,-7.35E-07,-1.67E-06,-1.39E-07,-0.002209187,-0.005027805,-0.000418984,-0.456692913,-0.206896552,-0.135802469,0.528702738,-0.023655434,0.884615385,0.658676894,0.475177305,0.454225352,8.30349661,-0.0807496,10.51268378,13.08372058,1.275996039,2.456768492,2.760818558,-0.026848327,3.495348266,4.350188875,0.424254228,0.816847693,515.52,0.003677565,0.100472507,-0.004996091,0.00205011,2.678185317,13.19963271,0.4,0.182971772,0.186449489,0.061427829
85,11102,-1.62E-06,-5.23E-08,-7.32E-07,-0.000913269,-2.95E-05,-0.000412444,-0.688888889,-0.004878049,-0.341463415,0.521290965,0.034472727,1.187689076,0.782934132,0.594594595,0.688073394,2.160322885,0.069820881,8.327539477,7.70386519,0.972189489,1.104760782,3.836001707,0.123978236,14.78688944,13.67945515,1.726279235,1.961680949,495.56,0.030722003,-0.07104837,-0.012014704,0.023108288,2.026790982,45.09269346,0.545667447,0.168693723,0.232698701,0.076458144
86,11103,-1.58E-06,3.21E-06,3.46E-07,-0.000836951,0.001700058,0.000183083,-0.450704225,0.165816327,0.184210526,1.606186794,-0.163338088,0.901094692,0.471264368,0.927631579,1.302521008,4.943244233,-0.359366009,7.384526861,5.361719935,1.843908563,2.026991683,9.346074167,-0.679444757,13.9617491,10.13727621,3.486234015,3.83238491,487.28,0.0263066,-0.038438474,-0.009203374,0.013113086,2.047667514,36.77633224,0.5640599,0.198005511,0.106651698,0.138085883
87,11104,-9.93E-07,-2.40E-06,-1.24E-06,-0.000442364,-0.001069046,-0.000552955,-0.666666667,-0.194630872,-0.6,0.477499274,-0.257709924,0.576523605,0.79375,0.236842105,0.031746032,1.818852066,-0.622258267,4.951892948,4.681682457,0.497659159,0.036863641,4.082939068,-1.396838497,11.1159547,10.50938917,1.117139794,0.082751096,454.43,-0.008129468,-0.090313884,-0.019136817,0.005105743,3.321616464,19.94857956,0.624223602,0.168754442,0.034505208,0.060546875
88,11105,-6.76E-07,-4.30E-07,-1.02E-07,-0.000894164,-0.000569013,-0.000135479,-0.673469388,-0.081395349,-0.185185185,0.328340755,0.030823529,0.622739613,0.796928328,0.157894737,0.99047619,1.977998157,0.070991167,3.667154392,6.326884517,0.406437978,1.408984989,1.49603628,0.053693357,2.773610276,4.785266732,0.307404715,1.065669679,483.78,0.003516355,-0.007842468,-0.000953875,0.000312692,2.125343337,27.17948177,0.561586639,0.175796834,0.099881797,0.187647754
89,11106,-1.47E-06,-3.35E-07,-4.61E-07,-0.000905211,-0.000206905,-0.000284495,-0.486111111,-0.024691358,-0.180327869,0.609789296,0.119297164,0.379357708,0.544273908,0.956140351,1.239130435,2.896676581,0.200181042,4.500193974,5.961463856,1.409543515,1.474201474,4.69284635,0.324309203,7.290672009,9.658045391,2.283572554,2.388323589,629.52,0.019861548,-0.044597334,-0.005178134,0.013819636,2.645740386,30.71368122,0.608137045,0.156745273,0.104647584,0.108648815
90,11201,-7.06E-07,1.65E-06,-1.36E-06,-0.000546747,0.001282027,-0.001055787,-0.142857143,0.042983565,-0.291666667,0.203075673,-0.141120278,0.746384617,-0.194805195,1.163551402,-0.11299435,2.073867386,-0.245093418,6.139967195,-1.41400049,2.347240814,-0.377066797,2.676732038,-0.316341059,7.924830207,-1.825044571,3.029573988,-0.486678552,558.17,0.01615035,0.049828511,-0.000848163,0.00187488,4.148299453,14.11721449,0.589198036,0.074839105,0.073834766,0.069067185
91,11203,-2.41E-06,1.43E-06,-1.63E-06,-0.001870356,0.001114527,-0.001268255,-0.557251908,0.14922813,-0.379310345,0.250989129,-0.357191087,0.506825939,0.989489489,0.301745636,2.323308271,0.837048424,-1.694209582,3.804765565,8.44222393,0.775044837,1.979246733,1.077420682,-2.180729802,4.897366738,10.86654775,0.997611743,2.547620071,643.04,0.021758705,0,-0.006835728,0.003625239,1.598536156,19.14888387,0.518126888,0.237263061,0.110302148,0.122315253
92,11204,4.59E-08,-2.30E-08,-1.15E-07,2.59E-05,-1.29E-05,-6.46E-05,0.035087719,-0.002949853,-0.079365079,0.231155779,-0.135446686,0.041815182,0.692832765,1.061371841,1.137931034,1.189337332,-0.303798123,0.163792435,5.248597358,1.900354216,0.639915195,2.112262887,-0.539545411,0.290895335,9.321507958,3.375028744,1.136489271,452.28,0.007681604,-0.004805306,0.000327561,0.013756893,0.640191871,34.84433611,0.521126761,0.314913612,0.157914549,0.177677395
93,11205,-8.59E-08,-6.32E-06,-3.57E-06,-4.86E-05,-0.003574468,-0.002018237,-0.015151515,-0.251712329,-0.51875,0.467777778,-0.1456,1.469027902,0.147277228,1.113861386,1.122641509,2.764012158,-0.398297872,16.34844985,1.446808511,2.73556231,1.446808511,4.884799196,-0.703906139,28.89238184,2.55692401,4.834520186,2.55692401,423.48,0.017683376,0.030381543,9.05E-05,0.012393991,1.852657298,49.27664359,0.583586626,0.136592552,0.240343348,0.118025751
94,11206,-4.13E-06,3.88E-06,-2.26E-06,-0.002010171,0.001890517,-0.001100808,-0.275409836,0.160569106,-0.281345566,0.461674064,0.608194824,0.721754455,0.155870445,1.484615385,0.553846154,1.75483099,1.383547712,8.379778642,0.921328148,2.309303021,0.430750823,3.603375972,2.840981615,17.2070662,1.891858379,4.741930742,0.884505216,652.41,0.064815128,0.038741328,-0.002024015,0.004592327,1.766661687,43.5416433,0.649805447,0.172730655,0.265838207,0.098684211
95,11207,-8.08E-06,2.51E-06,-1.68E-06,-0.006391894,0.001988114,-0.001325409,-0.689734717,0.208520179,-0.23709369,0.419960925,-0.236837693,0.702459006,0.673247107,0.857142857,2.103703704,2.458420625,-1.207832742,5.82902219,5.285604344,2.276711275,1.517807516,3.109525861,-1.527723575,7.372821013,6.685480601,2.879691341,1.919794227,404.56,0.024549491,-0.001412468,-0.003026413,0.019516466,1.841083476,25.0110849,0.616515837,0.273802204,0.200370771,0.073536227
96,11208,-8.06E-06,4.70E-06,-1.42E-06,-0.006768351,0.003950853,-0.001196907,-0.737024221,0.551775148,-0.274271845,0.189296265,-0.158125,0.5679125,1.324786325,0.444444444,3.596330275,0.875542845,-0.669950217,4.812308018,9.029763796,0.783815274,2.076051266,1.042322318,-0.79756698,5.728989822,10.74981582,0.933121843,2.471511908,605.37,0.020025529,0.001581402,0.00021028,0.01222952,0.758723037,21.22350461,0.661290323,0.241593907,0.168217934,0.061975028
97,11209,3.30E-06,-1.97E-06,-5.19E-08,0.002757924,-0.001646091,-4.33E-05,2.170454545,-0.167893962,-0.057692308,0.444022043,0.306184012,1.046590068,0.87173913,0.568571429,1.805555556,2.17558299,0.732799076,5.510937838,5.790195654,1.43671937,1.407840589,2.604840465,0.877385369,6.598283745,6.932641047,1.720193975,1.685617212,448.5,0.034067072,-0.002889303,-2.79E-05,0.013390716,1.3399698,12.18621295,0.51459854,0.237049091,0.057625738,0.087965791
98,11210,1.46E-07,-9.81E-07,-1.71E-06,0.000104373,-0.000700792,-0.001222658,0.065420561,-0.071646341,-0.496969697,0.264193548,-0.35833698,0.358490566,0.996763754,0.892193309,0.712328767,0.854816825,-1.220868684,1.983091535,6.888633754,1.789255521,0.775344059,1.197192818,-1.709857805,2.777370396,9.647707691,2.505898101,1.085889177,392.04,0.008650705,-0.064288315,5.54E-06,0.024827875,1.124257821,29.7823667,0.538899431,0.328100924,0.097382199,0.190575916
99,11211,-4.45E-07,-4.45E-07,-1.70E-06,-0.000295756,-0.000295756,-0.001133731,-0.135338346,-0.029126214,-0.415662651,0.562337617,-0.226941748,1.059313308,0.421750663,0.763888889,0.029535865,2.667225317,-0.768143803,13.69234814,2.612510475,1.807397184,0.057508092,4.011031964,-1.155151508,20.59085361,3.928750584,2.718003549,0.086481931,584.5,0.009083583,0.048500055,-0.000127569,0.008540239,2.654683106,35.42954325,0.623467601,0.146068141,0.181161695,0.134275249
100,11212,-1.72E-06,-5.96E-07,-9.77E-07,-0.000858512,-0.000298095,-0.000488875,-0.173493976,-0.03117207,-0.117816092,0.077720207,-0.088406507,0.147098566,0.992623815,0.562893082,1.630769231,0.357713495,-0.387522953,1.414876112,5.616101877,1.067178594,0.631960508,0.71476045,-0.774323821,2.827115834,11.22173907,2.132368676,1.262743462,551.48,0.007630323,-0.0464017,-0.022172305,0.01594876,2.439746991,19.31911053,0.787128713,0.272431856,0.050890585,0.074074074
101,11213,-1.08E-05,-1.32E-06,-3.34E-06,-0.00511005,-0.00062474,-0.001585878,-0.539763113,-0.061708861,-0.385214008,0.340991007,-0.274654689,0.88798103,0.381642512,0.403508772,1.859375,1.500336398,-1.821997245,10.49770929,2.5309967,1.2895268,0.953128504,3.160878336,-3.838546892,22.11636131,5.332252585,2.716748943,2.008031828,653.06,0.016434131,0.062811607,5.00E-05,0.008684012,2.458285178,40.65211922,0.708695652,0.289170402,0.1119085,0.130298273
102,11214,6.55E-08,1.90E-06,-8.02E-07,4.49E-05,0.001302478,-0.000550185,0.025157233,0.201039861,-0.362962963,0.039,-0.063870968,0.782448001,0.872919818,0.206293706,2.1875,0.205813993,-0.13339172,2.234423597,6.478705606,0.331233649,1.178967225,0.300016993,-0.194446365,3.25714029,9.444070086,0.482842405,1.71859161,522.52,0.006649954,0.011399811,0.000376647,0.00594158,2.207684838,21.71656157,0.563148789,0.310984942,0.137120266,0.092800666
103,11215,4.84E-08,3.23E-08,-8.40E-07,4.74E-05,3.16E-05,-0.000821849,0.063829787,0.003824092,-0.5,0.049036778,-0.072213501,0.730936639,0.146808511,0.948979592,0.223529412,0.442533822,-0.181754963,4.193482109,1.090529776,2.939688962,0.450436212,0.452175776,-0.185715051,4.284849955,1.114290306,3.003739086,0.460250344,484.13,0.036663998,-0.014679515,2.71E-05,0.005666118,1.931943013,12.64866588,0.469798658,0.084863985,0.067743099,0.127548259
104,11216,-1.13E-06,-3.97E-06,-2.79E-06,-0.000556979,-0.001949426,-0.001373881,-0.104529617,-0.147887324,-0.307053942,0.08057768,-0.326327261,0.724692302,0.077852349,1.186480186,0.592592593,0.482715087,-2.334855742,12.49489436,0.538412981,4.72503806,0.594110876,0.981938775,-4.74956232,25.41710752,1.095239403,9.61166993,1.20854003,613.33,0.010854977,0.040433217,-0.003514613,0.044136033,1.158266397,57.07183921,0.758754864,0.244416562,0.141729226,0.169298473
105,11217,1.11E-06,-9.01E-06,-1.71E-06,0.000655469,-0.005325686,-0.001010515,0.258064516,-0.176151762,-0.324561404,0.090311292,0.032069971,1.557647059,0.119318182,1.117021277,0.209424084,0.87395876,0.075105831,18.08002185,1.147070873,4.301515772,0.546224225,1.478185825,0.127031594,30.57996926,1.940118896,7.275445859,0.923866141,575.98,0.003668226,0.0939006,-0.007542103,0.009433412,3.31393801,33.48339009,0.649122807,0.079551607,0.102708533,0.119606903
106,11218,2.71E-07,-4.07E-07,-1.30E-06,0.000138351,-0.000207526,-0.000664084,0.243902439,-0.041208791,-0.539325843,0.256849315,-0.174200465,0.355210099,0.606504065,0.551724138,1.524475524,1.037631433,-0.539568345,2.522689541,5.160486995,1.217487548,1.50802435,2.034240389,-1.057805002,4.945645234,10.11695553,2.386842056,2.956429365,468.39,0.007784369,-0.015871089,-0.010575711,0.001099846,3.522076199,25.71096941,0.465940054,0.19438051,0.134428355,0.146098984
107,11219,1.71E-06,-3.31E-06,-7.86E-07,0.000777865,-0.001501712,-0.000356522,0.857142857,-0.298283262,-0.452054795,0.308392366,-0.024597015,0.953488372,0.320570571,0.631386861,1.808219178,1.321614935,-0.044511187,1.77180454,2.306587007,0.934518858,0.71304329,2.912429153,-0.098088843,3.904507325,5.083001913,2.059389534,1.571326118,510.13,0.008011607,-0.064530412,-0.00059716,0.004582368,1.873167612,43.53840648,0.506293706,0.302393793,0.229072227,0.198851617
108,11220,1.16E-06,-1.26E-07,-7.59E-07,0.000565512,-6.17E-05,-0.000370153,0.160818713,-0.009360374,-0.206896552,0.056054975,0.126679612,1.110016637,0.412582297,1.037837838,1.582278481,0.277614979,0.335400023,4.321848299,2.899534224,0.98707548,0.642627266,0.568974626,0.68740564,8.857670531,5.942623867,2.023020891,1.317070892,430.91,0.002456111,-0.009373309,1.88E-07,0.006306831,2.476280135,31.76609472,0.632206759,0.249611198,0.04494382,0.232046898
109,11221,-6.51E-06,1.30E-07,-4.43E-06,-0.003128428,6.23E-05,-0.002131319,-0.699164345,0.007012623,-0.495652174,0.175144494,-0.355607524,1.165900693,0.644804089,0.250975293,2.066666667,0.872469837,-2.179554293,12.5843803,4.71756905,1.20276199,1.159138498,1.814389018,-4.532602965,26.17048799,9.810660617,2.50126486,2.410545409,754.13,0.001651891,0.02245125,0.000109779,0.002343335,2.06701396,60.87559511,0.812191104,0.264398687,0.229935337,0.1382655
110,11222,5.84E-07,1.10E-06,-3.50E-07,0.000688421,0.001294231,-0.000413052,0.78125,0.127371274,-0.294117647,0.193102193,-0.219614055,0.895151366,0.611111111,0.929648241,0.696969697,1.75299463,-0.839873331,9.013630731,4.695029602,2.547156822,1.266694203,1.486504708,-0.712195941,7.643380238,3.981292062,2.159938509,1.074131583,567.26,0.013306021,0.020406188,-0.001424931,0.000549138,3.501054304,25.31593405,0.513011152,0.144805064,0.167286739,0.11480202
111,11223,5.11E-08,3.92E-07,-8.01E-07,3.76E-05,0.00028799,-0.0005885,0.022222222,0.056372549,-0.419642857,0.853914418,0.039019103,0.545325933,0.808893094,0.498371336,1.285714286,2.975934088,0.072122608,1.882324952,5.352849845,0.957878393,0.901532605,4.048691036,0.098121178,2.560860535,7.282431176,1.303171895,1.226514724,428.78,0.00265743,-0.021042223,-0.005031968,0.007634134,2.543468317,32.76944706,0.566704675,0.294806566,0.140425532,0.201740812
112,11224,2.57E-06,2.57E-07,-2.06E-06,0.002419355,0.000241935,-0.001935484,0.394736842,0.027149321,-0.516129032,-0.001556604,-0.025839793,1.233706239,0.940397351,0.21686747,0.46875,-0.006653226,-0.050403226,4.468951613,1.431451613,0.181451613,0.151209677,-0.007066081,-0.053530917,4.746265194,1.520278033,0.1927113,0.16059275,487.89,0.009900891,0.003858016,6.32E-05,0.00271845,1.535376405,14.27081352,0.405088063,0.270013381,0.127826087,0.06173913
113,11225,-6.75E-06,-8.02E-07,-2.62E-06,-0.002830506,-0.000336123,-0.001096821,-0.519480519,-0.037109375,-0.344444444,0.720532922,-0.316200597,0.633229689,0.529411765,0.551094891,1.016666667,2.812815115,-2.284395068,11.16864507,2.547455198,1.335644913,0.539565164,6.709248558,-5.448838153,26.63993643,6.076300581,3.185838152,1.28699422,567.26,0.006835511,0.003605272,0.000183677,0.014904701,1.814424615,42.75440806,0.7421875,0.220938284,0.16078044,0.068905903
114,11226,-4.01E-06,-1.24E-06,-2.94E-06,-0.001488712,-0.000461689,-0.001092979,-0.342733189,-0.05212766,-0.328611898,0.17375562,-0.228843567,0.504452926,1.167577413,0.853470437,1.073529412,0.411468737,-1.571062451,7.471827536,6.039648739,1.564090001,0.687822711,1.108133806,-4.23105635,20.12251221,16.26548591,4.212278722,1.852387631,542.67,0.042898784,0.013661942,-0.001428437,0.003254924,3.325364199,34.26663201,0.741336634,0.199597051,0.156452776,0.085436193
115,11228,1.28E-06,9.11E-08,-2.28E-07,0.001299907,9.29E-05,-0.000232126,1.555555556,0.019230769,-0.322580645,0.496486725,0.545096441,1.368208955,0.805237316,0.849710983,1.94,2.739090065,0.931522748,2.127901578,5.710306407,1.706128134,1.125812442,2.68835426,0.914268275,2.088486737,5.604535151,1.674525746,1.104959166,430.74,0.004674068,0.00926776,-0.000792891,0.026347125,2.289142137,21.25418306,0.546255507,0.332142857,0.076948052,0.116558442
116,11229,6.82E-07,6.65E-07,-6.99E-07,0.000515024,0.000502462,-0.000527585,0.297101449,0.09569378,-0.338709677,0.412396088,-0.110368691,0.497823651,0.772619048,0.330729167,1.133116883,2.118756909,-0.232388705,2.399256356,4.076223495,0.797658527,2.191990755,2.805587002,-0.307721347,3.177014984,5.397598756,1.05623273,2.90256081,352.35,0.002022354,0.022491902,1.22E-05,0.002929823,1.729548291,20.91667577,0.508908686,0.297954883,0.111354509,0.134173056
117,11230,2.20E-07,-7.01E-07,-2.40E-07,0.000136043,-0.000432863,-0.00014841,0.125,-0.084134615,-0.2,0.733323077,-0.243988121,0.333111259,0.76641729,0.599088838,1.821052632,2.947549377,-0.833199352,2.040639648,5.701423501,1.626327962,1.069789876,4.77359777,-1.349378097,3.304844678,9.233535737,2.633861062,1.732539786,381.48,0.000490406,-0.026562519,0.000449078,0.001611422,0.862339082,31.08316225,0.552533993,0.289380238,0.149193548,0.159090909
118,11231,3.50E-06,-1.60E-06,-7.62E-07,0.00416365,-0.001900797,-0.000905141,1.366336634,-0.172131148,-0.441176471,0.031533488,0.070737773,0.380454167,0.217391304,0.362869198,0.62987013,0.372314748,0.154477432,2.896451846,1.131426503,1.297369056,1.46331161,0.307871395,0.127739185,2.395109714,0.935589732,1.072809559,1.210029387,381.87,0.005621033,-0.012702944,-0.000104206,0.000418439,2.170185947,25.2795634,0.468599034,0.066402191,0.150954064,0.166501767
119,11232,2.33E-07,-2.15E-07,-4.12E-07,0.000440364,-0.00040649,-0.000779106,0.333333333,-0.037037037,-0.338235294,0.219167165,0.123932801,0.820497738,-0.04505632,0.086614173,1.31372549,2.608312727,0.304867721,6.1424071,-0.609735443,0.186308052,1.134785407,1.377975809,0.161062108,3.245043551,-0.322124215,0.098426843,0.599508956,538.13,0.023178324,0.016038726,-0.002984699,0.004077019,2.557723655,15.21111522,0.539503386,0.208723976,0.093709214,0.080657792
120,11233,-7.76E-06,-2.40E-06,-3.06E-06,-0.004405352,-0.001363561,-0.001738166,-0.515789474,-0.119266055,-0.320441989,0.463277934,-0.330872718,0.906116213,0.626865672,0.224719101,1.987179487,2.14273941,-2.270105039,8.53109969,3.776016303,0.899051501,1.161274855,3.775907178,-4.000349213,15.03339156,6.654046215,1.584296718,2.046383261,733.33,0.002985056,0.024066735,-0.000470137,0.018431787,1.5296055,50.27699411,0.850117096,0.303285516,0.174391464,0.104868289
121,11234,1.70E-07,-8.29E-07,-2.47E-07,0.000407674,-0.001991777,-0.000594039,0.380434783,-0.192784667,-0.361702128,0.145280194,-0.066884176,0.366445916,0.946153846,0.609053498,2.403197158,0.892921622,-0.11939012,1.933537558,7.163407219,1.723876859,7.879747941,0.371773101,-0.04970877,0.805039586,2.982526178,0.717746137,3.280778796,341.94,0.004879111,0,-1.09E-05,0.000251313,2.812005334,10.04832394,0.430649855,0.302917951,0.090449844,0.16670676
122,11235,-1.30E-07,8.98E-07,-8.54E-07,-0.000118219,0.000814396,-0.00077499,-0.075630252,0.117202268,-0.453846154,-0.183823529,-0.219889503,0.894435477,0.773841962,0.123543124,1.377358491,-1.313542624,-0.653487456,3.857480625,5.59569158,0.348088795,1.917772232,-1.448146164,-0.720452717,4.252770841,6.16910266,0.383758734,2.1142934,447.5,0.008898048,0.00780406,5.97E-05,0.01232985,2.083514987,22.23184703,0.581967213,0.265310904,0.130340136,0.120544218
123,11236,-8.92E-07,4.15E-08,-1.02E-06,-0.000910246,4.23E-05,-0.001037257,-0.3359375,0.00681431,-0.376923077,0.363914373,-0.153814457,0.34795464,1.584766585,0.068627451,2.155405405,1.259525826,-0.276566469,2.042760373,10.24026249,0.185224386,1.688187976,1.234772971,-0.271131242,2.002614987,10.03901554,0.181584261,1.655010831,504.63,0.001337602,-0.002184573,-0.000245358,0.004238052,2.061620649,16.65465313,0.550960118,0.266549929,0.130738156,0.103562248
124,11237,-2.11E-06,1.90E-06,-2.04E-06,-0.001175636,0.001054018,-0.001135097,-0.610526316,0.123515439,-0.335329341,0.408539823,-0.006923077,1.590551181,0.786013986,0.656934307,0.386666667,1.871490828,-0.032836728,24.56673761,5.695753522,1.824262694,0.29390899,3.366529709,-0.059068322,44.19185538,10.24580145,3.28157342,0.52869794,683.98,0.009844414,0.082008161,0.000196211,0.003404414,1.724296572,36.46160483,0.651485149,0.232864962,0.101598383,0.136138159
125,11238,-1.90E-06,-3.81E-06,-2.07E-06,-0.001200069,-0.002400137,-0.001307218,-0.329411765,-0.189509306,-0.38125,0.163797872,-0.386691551,0.582546136,0.101818182,1.605194805,0.48447205,1.07877593,-2.30884622,12.25077147,0.900051432,6.62180696,0.835762044,1.710533,-3.660961967,19.4251172,1.427143147,10.49969601,1.32520435,700.59,0.009031545,-0.079909754,-0.000771013,0.006874311,2.681893681,41.14596962,0.617307692,0.112192797,0.168339516,0.156775038
126,11239,-6.70E-07,9.57E-07,-1.20E-07,-0.002228944,0.003184206,-0.000398026,-0.903225806,0.113314448,-0.217391304,0.149425287,-0.293968254,2.786709539,1.2,1,5.25,0.424295494,-0.368571883,2.069734119,1.432892851,0.199012896,1.671708327,0.127528251,-0.1107797,0.622089031,0.430677021,0.059816253,0.502456525,490.54,0.003181639,0,-0.004392042,0.003052615,2.478922065,102.0270321,0.786666667,0.185828987,0.705905206,0.001165501
127,11354,-3.23E-08,4.32E-06,-2.58E-07,-3.42E-05,0.00457924,-0.000273387,-0.054054054,0.36462585,-0.188235294,0.481368715,-0.204638472,0.888582659,0.871012483,0.576530612,1.054347826,2.94455361,-0.358821017,3.360444255,5.365228535,0.965399402,0.828705681,2.780182142,-0.338790837,3.172856855,5.065729661,0.911508681,0.782445505,476.74,0.004869487,-0.013116142,-0.010721289,0.000209663,-3.370721292,20.12893643,0.551912568,0.189167485,0.153116531,0.088346883
128,11355,-6.07E-08,1.86E-06,-2.02E-07,-3.62E-05,0.00111099,-0.00012076,-0.103448276,0.252054795,-0.1,0.226567192,0.096414897,0.618400343,1.382847038,1.130136986,1.009009009,0.865485636,0.200702822,1.565771836,9.443417986,0.996268522,0.676254996,1.451306831,0.336552526,2.625595698,15.83538359,1.670612719,1.133991664,455.83,0.008150416,0,-0.002564834,0.004508042,4.607673279,41.79043272,0.582089552,0.204109895,0.239382239,0.1796139
129,11356,2.08E-07,1.62E-07,-4.62E-08,0.000384961,0.000299414,-8.55E-05,1.5,0.037037037,-0.133333333,0.900615209,-0.199094264,1.435813035,1.356020942,0.344,2.051948052,6.073826939,-0.507720604,6.530219428,11.07831815,0.919628727,6.758201805,3.277843954,-0.274000054,3.524143919,5.978602705,0.496293275,3.647178484,482.63,0.018115419,0,0.000544095,0.007097686,3.286129138,35.04637082,0.498559078,0.239309248,0.234482759,0.138850575
130,11357,7.76E-08,6.46E-08,-2.59E-08,0.000154067,0.000128389,-5.14E-05,1.5,0.041666667,-0.166666667,0.571005917,0.068273092,1.004520548,0.84351145,0.436781609,1.305418719,4.955834018,0.10913106,1.882960148,2.83740756,1.951520131,3.402321282,2.494858052,0.054938584,0.947916793,1.428403185,0.98243115,1.71279115,370.96,0.002892125,0,-3.51E-06,0.006317394,3.081001139,24.48196648,0.327370304,0.220071776,0.271907469,0.267202509
131,11358,5.49E-08,1.28E-07,-1.10E-07,7.95E-05,0.000185465,-0.00015897,0.75,0.070707071,-0.352941176,0.77510274,0.34637037,0.622271756,0.685483871,0.587412587,1.267716535,5.996608643,0.619452614,1.775163606,5.63018308,2.225578253,2.132845826,4.14352748,0.428028421,1.226599837,3.890335304,1.537826661,1.473750551,542.3,0.000703521,0,7.14E-05,0.003176143,0.821682034,34.48399946,0.487179487,0.229584617,0.227664155,0.197793326
132,11360,2.58E-08,0,2.58E-08,5.27E-05,0,5.27E-05,1,0,0.333333333,0.3125,0.170212766,0.219512195,0.457943925,0.21,1.118644068,1.581194329,0.210825911,0.474358299,1.291308702,0.553418015,1.739313762,0.772502532,0.103000338,0.23175076,0.630877068,0.270375886,0.849752785,342.85,0.003704131,0,8.28E-06,0.000876121,2.125126034,24.06120523,0.331081081,0.181454767,0.1875,0.195833333
133,11361,1.20E-07,-1.79E-07,-1.20E-07,0.000210556,-0.000315834,-0.000210556,1.2,-0.072,-0.333333333,0.406947791,0.219251337,1.554551058,0.867435159,0.896907216,1.20754717,3.555937675,0.359699607,2.655109489,5.28144301,3.053060079,2.245929253,2.019993883,0.204331761,1.508267415,3.00018829,1.734328114,1.275827578,465.59,0.000360598,0,-3.39E-06,0.002614669,3.295390564,29.02193261,0.429878049,0.21873821,0.208934517,0.183407325
134,11362,-3.66E-08,-4.94E-07,-1.83E-08,-0.00011295,-0.001524821,-5.65E-05,-0.666666667,-0.310344828,-0.2,-0.532789831,-0.226976744,0.894986182,0.39516129,0.005102041,0.353846154,-15.90726831,-0.275597221,1.280284633,1.383633591,0.02823742,0.649460665,-5.151191671,-0.089245626,0.414589822,0.448056932,0.009144019,0.210312437,335.43,0.005776565,0,-3.52E-05,0.000310622,2.802528889,29.83958384,0.364130435,0.189680675,0.267001369,0.242355089
135,11363,0,2.06E-07,0,0,0.000708215,0,0,0.333333333,0,0.516217006,-0.163076923,0.359230769,0.183486239,0.142857143,0.24,7.507082153,-0.300283286,0.661473088,1.416430595,1.203966006,0.424929178,2.186217013,-0.087448681,0.192634593,0.412493776,0.35061971,0.123748133,246.19,0.007090712,0,-1.84E-06,0.012085036,4.637117078,38.56167785,0.46031746,0.30818912,0.136316337,0.178980229
136,11364,-7.12E-08,-3.68E-07,-1.42E-07,-0.000176798,-0.000913457,-0.000353596,-0.428571429,-0.281818182,-0.5,0.513466141,-0.108304094,0.67241837,0.681372549,0.122222222,1.481927711,4.48861125,-0.136429266,0.746383004,2.047912308,0.486195008,1.812181395,1.807863821,-0.054949186,0.300618332,0.824831192,0.195823233,0.729886595,333.8,4.51E-05,0,-5.98E-07,0.001714165,2.768189169,29.42299658,0.505084746,0.20028447,0.206273764,0.239226869
137,11365,1.01E-07,1.01E-07,8.65E-08,0.00017272,0.00017272,0.000148046,0.636363636,0.040229885,0.272727273,0.259100341,0.213430851,0.193824384,1.324921136,0.581818182,0.94047619,1.817755626,0.237613502,0.871989735,5.181602842,1.97394394,1.949269641,1.061743618,0.138789074,0.509325634,3.026553005,1.152972573,1.138560416,454.2,0.003486849,0,5.11E-06,2.06E-05,-1.494293878,33.80392463,0.51754386,0.282131134,0.143693298,0.280655546
138,11366,-4.91E-08,-8.35E-07,-1.96E-07,-7.59E-05,-0.001291009,-0.000303767,-0.125,-0.283333333,-0.363636364,0.30961405,-0.049382716,2.907407407,0.504,1.103174603,1.5,4.404617254,-0.075941677,11.92284326,4.784325638,5.277946537,3.759113001,2.848919899,-0.049119309,7.71173145,3.094516442,3.413791948,2.431405776,399,0.018345346,0,0.000258026,0.009643004,-0.482542872,36.2139549,0.288461538,0.320303335,0.091590787,0.337439743
139,11367,-1.37E-08,-3.57E-07,-1.51E-07,-2.39E-05,-0.000622412,-0.000263328,-0.04,-0.113043478,-0.2,0.44165042,-0.28125,0.757597403,0.534653465,0.038869258,1.786516854,2.657218778,-0.484762885,2.792952386,2.585402054,0.131663993,1.903143179,1.524512689,-0.278120558,1.602386445,1.483309644,0.075538917,1.09188071,322.2,0.005372839,0,3.05E-06,0.003227119,1.111090352,24.46416442,0.522968198,0.175758949,0.085628065,0.253866465
140,11368,-5.93E-07,1.82E-06,3.03E-07,-0.000394246,0.001210243,0.000201707,-0.252941176,0.25984252,0.101851852,0.340339709,-0.107142857,0.757432096,1.45060115,0.578431373,3.48,0.990198865,-0.163932923,4.599565413,12.72130486,0.540941973,0.797660197,1.489867591,-0.246655857,6.92057291,19.14066002,0.813909147,1.200171115,638.3,0.017292475,0.002894482,0.00011842,0.004769163,0.053640784,35.92230905,0.739539749,0.242228097,0.223084083,0.109835557
141,11369,-3.36E-06,4.32E-07,-6.99E-07,-0.002649806,0.000341064,-0.00055095,-0.583815029,0.049429658,-0.269230769,1.008598953,-0.159411588,0.493443035,1.246737841,0.522058824,0.473354232,4.092769441,-0.27862315,3.60321125,13.78686116,0.931367405,1.980795466,5.189535605,-0.353287616,4.568787307,17.48141641,1.180952013,2.511602168,509.98,0.008532278,0,-0.00183128,0.018869784,-1.330059619,51.01894945,0.650519031,0.212823587,0.171657754,0.182887701
142,11370,-1.44E-06,-1.69E-07,-5.51E-07,-0.000837624,-9.85E-05,-0.000320268,-0.435897436,-0.025316456,-0.351351351,0.650382608,-0.340198602,0.124493671,0.475120385,0.579365079,1.055555556,3.161784632,-0.455766057,0.48459018,3.646128452,0.899214112,0.702126087,3.071037544,-0.442685013,0.470681849,3.541480104,0.873405566,0.681974209,335.94,0.023094265,0,0.001506672,0.002847896,0.984641014,29.71743277,0.428571429,0.2035827,0.050680787,0.229198185
143,11372,-3.03E-06,-4.96E-08,-1.98E-07,-0.000915421,-1.50E-05,-6.00E-05,-0.378881988,-0.00204918,-0.022857143,0.637972926,-0.41685991,0.583287068,0.974137931,0.357541899,0.397260274,1.930788163,-0.917221922,4.257008224,5.087340176,0.480220902,0.217600096,6.380905055,-3.031252269,14.06864089,16.81273755,1.587043073,0.719128892,556.31,0.01670858,-0.009194038,0.006540627,0.011746202,0.34321005,19.61030801,0.740987984,0.169992308,0.045454545,0.056116723
144,11373,-1.05E-06,-1.20E-06,-2.58E-07,-0.000444304,-0.000503545,-0.000108608,-0.511363636,-0.044541485,-0.064705882,0.565973956,-0.180930233,0.154959478,1.12388724,0.778894472,1.195876289,1.454750104,-0.307260915,0.987342272,7.479117711,0.765190261,0.572658518,3.454237075,-0.729576882,2.344398721,17.75882031,1.816909008,1.359751258,512.43,0.022892332,-0.017383482,-0.007613708,0.00537165,2.16006243,38.95330295,0.702597403,0.21955011,0.196517413,0.100390903
145,11374,-3.97E-08,-1.12E-05,-9.13E-07,-2.34E-05,-0.006619109,-0.000537949,-0.090909091,-0.414956012,-0.605263158,0.217263682,-0.605000554,0.02837273,0.891846922,1.052238806,1.506666667,1.021401006,-2.552450006,0.179394223,6.268272717,1.64892995,1.321482868,1.732691828,-4.329944109,0.304322105,10.63341905,2.797224042,2.241746927,365.48,0.011810109,-0.010696505,-0.003969786,0.01731934,2.33695483,26.28666444,0.523584906,0.172596726,0.10569395,0.109252669
146,11375,2.16E-07,5.94E-07,-1.98E-07,0.000175042,0.000481365,-0.000160455,1,0.081683168,-0.305555556,0.250771728,-0.245217391,0.910454545,0.56835443,0.5,5.837837838,1.599737437,-0.370213697,3.213915834,3.274742907,1.101305521,4.726132303,1.97291592,-0.456575235,3.963641512,4.03865801,1.358212382,5.828620024,427.81,0.00676183,-0.030484222,0.000311451,0.002649396,3.585953502,15.78880545,0.509151414,0.170356507,0.080081716,0.117466803
147,11377,-7.52E-07,-9.74E-07,-5.15E-07,-0.000594373,-0.000770484,-0.000407256,-0.54,-0.147991543,-0.32173913,0.907796847,-0.09752899,0.546791528,0.803050398,0.687878788,1.518939394,3.720336371,-0.155527671,2.872804121,6.664685422,1.249284551,2.206885924,4.705398384,-0.196707927,3.633458515,8.429345329,1.580067209,2.791220047,434.02,0.005968673,-0.004170667,-0.000732006,0.002188567,1.961165904,22.43086784,0.648498331,0.208834982,0.143232014,0.099278373
148,11378,-2.11E-07,-5.28E-07,-9.06E-08,-0.000394666,-0.000986666,-0.000169143,-0.5,-0.152173913,-0.214285714,0.620639318,-0.0616,0.742977099,0.868632708,0.229090909,2.727272727,5.87291743,-0.130239901,2.743776957,9.133707327,0.887999323,9.725706876,3.144103624,-0.069724758,1.46889841,4.889788193,0.475396074,5.206718909,345,0.007174127,0,-0.002536131,0.002144338,2.131355868,20.54082144,0.433333333,0.234478354,0.181755594,0.13080895
149,11379,-7.12E-07,-1.20E-06,1.74E-08,-0.001157277,-0.001947612,2.82E-05,-0.953488372,-0.277108434,0.052631579,0.366325088,-0.032174811,0.501586151,0.487309645,0.098113208,2.120535714,2.926216552,-0.052783109,1.562041323,4.064581687,0.366941402,6.703737157,1.799113707,-0.032452422,0.960383453,2.499010069,0.225605076,4.12163119,418.26,0.001729916,-0.008657734,0.001598179,0.005409437,3.618651324,17.81713321,0.374717833,0.246811398,0.05493925,0.234548336
150,11385,-9.62E-07,-2.00E-07,-7.93E-07,-0.001219066,-0.000253972,-0.00100573,-0.754716981,-0.032133676,-0.485294118,0.412420519,-0.173642486,1.4568957,1.023296447,0.698924731,1.732484076,2.431427527,-0.413872973,7.493904669,8.924580438,2.311146329,2.763216709,1.917998843,-0.326478119,5.911465726,7.04003503,1.823116641,2.17972627,493.13,0.001070907,-0.000434511,-1.11E-05,0.00070406,3.914726184,11.72069615,0.573745174,0.288127436,0.065783247,0.111374034
151,11411,-5.57E-08,6.69E-07,-5.57E-07,-0.000109794,0.001317523,-0.001097936,-0.333333333,0.375,-0.487804878,0.674719586,-0.225,0.054794521,1.663366337,0.165562914,3.013157895,5.580808081,-0.37055336,0.219587176,4.611330698,0.686209925,6.285682916,2.83257566,-0.188076782,0.111452908,2.340511071,0.348290338,3.190339495,367.3,0.020653118,0,-0.000327816,0.003300929,1.917176113,20.6579453,0.475862069,0.285133346,0.021528525,0.180839612
152,11412,-6.76E-07,4.80E-07,-8.94E-07,-0.000885234,0.00062823,-0.001170793,-0.861111111,0.150684932,-0.476744186,0.399473684,-0.244299674,0.790064935,0.819944598,0.268698061,1.529411765,2.817613296,-0.728176133,3.474399612,4.226277164,1.384962449,3.341043434,2.152357684,-0.556249325,2.654072762,3.228427457,1.057964403,2.552202787,585.46,0.012239807,0,-1.44E-08,0.012886181,5.26550635,33.02822599,0.652985075,0.271031159,0.109704641,0.15973478
153,11413,-1.16E-07,-1.39E-07,-3.25E-07,-0.000254136,-0.000304963,-0.000711581,-0.555555556,-0.061538462,-0.288659794,0.168452054,0.318169171,0.653618204,0.785310734,-0.009966777,1.818181818,1.4826298,0.581209179,2.270197464,3.532491296,-0.03812041,4.57444916,0.676731424,0.26528707,1.036208743,1.612370036,-0.017399677,2.087961198,503.31,0.014668036,0,1.01E-05,0.004081303,-0.013267472,25.51235265,0.489230769,0.282194957,0.160839161,0.216783217
154,11414,3.13E-08,8.92E-07,-3.13E-08,7.65E-05,0.002179899,-7.65E-05,0.142857143,0.478991597,-0.117647059,0.063324442,-0.119917169,1.67281044,0.471042471,0.227642276,1.612612613,0.662765795,-0.243613278,4.755239406,2.332874407,1.070827597,3.422823925,0.271082725,-0.099642063,1.944975534,0.954186164,0.437987091,1.399994453,499.63,0.01240043,-0.023804286,5.73E-05,0.015933736,0.28989563,20.9836904,0.443037975,0.222311662,0.136551155,0.173267327
155,11415,-5.95E-08,-7.74E-07,-5.95E-07,-5.27E-05,-0.000684571,-0.000526593,-0.2,-0.119266055,-0.666666667,0.123709809,-0.17051659,0.598682898,0.628654971,0.509259259,0.76,0.877303844,-0.42759347,4.739336493,5.660874144,1.448130595,0.500263296,0.991532131,-0.483267761,5.356416071,6.397941419,1.636682688,0.565399474,487.52,0.019363436,0,0.000147649,0.035966072,0.570201989,30.22567845,0.503030303,0.20722135,0.103448276,0.100574713
156,11416,1.59E-07,-1.64E-06,-2.44E-06,0.000118003,-0.001219368,-0.001809385,1,-0.137777778,-0.647887324,0.486711065,-0.05624297,0.368223391,2.023952096,0.168,3.171428571,3.133383157,-0.157337844,3.278133973,19.94257169,0.41301184,6.549187743,4.224907694,-0.21214701,4.420082943,26.88963345,0.5568859,8.830619271,508.13,0.030019408,0,-0.002065476,0.010473804,-2.205242104,47.51668787,0.58739255,0.251689189,0.116721854,0.163907285
157,11417,3.22E-08,2.09E-06,-9.00E-07,3.50E-05,0.002275751,-0.000980324,0.055555556,0.351351351,-0.291666667,0.301103678,0.064402516,1.405476205,1.219966159,0.25984252,1.839506173,2.473916392,0.179259156,7.889503536,12.62166515,1.155381276,5.216721518,2.272092417,0.164635058,7.245871855,11.59198014,1.061124395,4.791137421,551.89,0.044935815,-0.01022776,1.12E-05,0.013537021,5.225128263,33.78408058,0.440944882,0.252863647,0.245324532,0.095709571
158,11418,-2.50E-07,-1.41E-06,-1.34E-06,-0.000218537,-0.001229273,-0.001174639,-0.571428571,-0.155172414,-0.5375,0.62152609,0.168305489,1.041877812,1.26783115,0.926136364,1.931623932,3.842707679,0.481601879,7.020515202,11.89663179,2.226350152,3.086841315,4.392487898,0.550505166,8.024947677,13.59869538,2.544876403,3.52847894,504.24,0.064811055,-0.016599152,-5.71E-05,0.027621558,0.705029999,22.19995038,0.530434783,0.24525241,0.051916545,0.138282387
159,11419,3.20E-08,-6.71E-07,-2.05E-06,2.13E-05,-0.000446296,-0.001360139,0.071428571,-0.085020243,-0.412903226,0.935489541,-0.213215859,0.842987688,1.22555205,0.201058201,1.43877551,3.393122795,-1.28575679,6.998979895,16.51294258,0.403791389,2.996557147,5.104406289,-1.934213832,10.52883705,24.84106029,0.607439055,4.507837196,666.74,0.072503827,-0.001511276,0.00017431,0.037975971,-0.581023187,24.64543933,0.495037221,0.253852781,0.061340942,0.160722777
160,11420,-1.62E-08,-5.17E-07,-4.52E-07,-2.25E-05,-0.000718488,-0.000628677,-0.043478261,-0.103896104,-0.291666667,0.737597956,0.189141856,1.228992446,1.41347424,0.177474403,1.867595819,4.797251785,0.533477031,8.876240514,12.01221429,0.583771162,6.017333513,3.452835978,0.38397165,6.388700025,8.645826305,0.420170998,4.330993364,418.44,0.013942291,0.000386735,-2.27E-05,0.019034716,1.573008287,31.48968733,0.432024169,0.26561223,0.205960015,0.247076575
161,11421,-9.05E-07,-9.05E-07,-2.26E-06,-0.0005639,-0.0005639,-0.00140975,-0.785714286,-0.094017094,-0.597826087,0.078055556,0.122754491,0.700633609,1.592920354,0.045045045,3.178571429,0.504177987,0.262726201,6.518941918,16.14804942,0.128159122,6.843697134,0.808984232,0.421560162,10.46003863,25.91052701,0.205639103,10.98112811,558.76,0.050485138,0.005832748,0.000756838,0.024890598,-0.203671833,27.72189849,0.656862745,0.252212178,0.07234957,0.093839542
162,11422,1.33E-07,4.82E-07,-3.83E-07,0.000265437,0.000962208,-0.000763131,2.666666667,0.305263158,-0.418181818,0.409302326,0.219027027,0.642857143,0.896103896,0.136929461,1.147651007,2.919804904,0.33610936,2.090314874,3.434088722,0.547463419,2.836855901,1.463723188,0.168494499,1.047892737,1.721538067,0.274448098,1.422140142,468.67,0.04230226,0,-5.84E-05,0.013400935,2.56578939,27.96656386,0.429824561,0.265307104,0.079885877,0.318830243
163,11423,-6.65E-08,1.55E-07,-5.99E-07,-9.92E-05,0.000231459,-0.000892769,-0.230769231,0.060344828,-0.36,-0.045083872,-0.154092702,0.678114286,0.903141361,0.285714286,1.722222222,-0.352808914,-0.413318785,3.923883213,5.703799226,0.859703072,2.562576464,-0.236611429,-0.277192396,2.631553732,3.825255066,0.576560184,1.718592856,486.28,0.009714823,0,9.43E-06,0.031645947,2.469826238,29.01453149,0.408450704,0.273732848,0.174620999,0.199887704
164,11426,-2.02E-08,3.63E-07,-2.62E-07,-4.99E-05,0.000897756,-0.000648379,-0.5,0.346153846,-0.619047619,0.303971453,0.210980392,1.450700762,0.555555556,-0.098591549,1.983870968,2.294264339,0.268329177,2.942643392,1.995012469,-0.698254364,3.067331671,0.927248047,0.108447706,1.189296408,0.806302649,-0.282205927,1.239690324,375.54,0.030330878,0,0.000446067,0.004542991,-2.124969277,28.98826435,0.378600823,0.226153846,0.143387816,0.296433878
165,11427,-5.07E-08,-6.59E-07,-2.03E-07,-9.11E-05,-0.001184942,-0.000364598,-0.222222222,-0.298850575,-0.222222222,0.205670419,-0.089552239,1.272856635,1.452229299,0.116751269,1.542372881,1.990247015,-0.205086136,4.891987968,5.19551545,0.524109015,2.07364871,1.107370361,-0.114109609,2.72189454,2.890776761,0.291613445,1.153774935,368.17,0.04369024,0,-9.08E-06,0.020682164,1.886975479,21.07975739,0.382352941,0.225223204,0.061074919,0.221498371
166,11428,2.28E-07,4.56E-08,-4.56E-08,0.000265703,5.31E-05,-5.31E-05,5,0.015384615,-0.0625,0.043842105,-0.048208191,0.586494457,1.639455782,0.35862069,2.717391304,0.442661282,-0.120097779,3.064618982,6.403443512,1.381655861,3.321288128,0.37988748,-0.103066711,2.630025327,5.495371109,1.185723227,2.850296219,549.19,0.056587708,0,-1.53E-05,0.042288454,0.866271276,39.44812441,0.533039648,0.247043304,0.165263158,0.112631579
167,11429,-2.53E-08,1.52E-06,-3.03E-07,-3.98E-05,0.002388915,-0.000477783,-0.142857143,0.612244898,-0.244897959,0.106696793,-0.185185185,0.669120107,0.985714286,0.251184834,1.830357143,0.676859373,-0.398152572,2.388915432,4.120879121,1.055104316,4.081063864,0.429733533,-0.252784431,1.516706588,2.616318864,0.669878743,2.591040421,490.33,0.036241226,0,1.56E-07,0.019857885,1.563135905,39.81085278,0.5907173,0.263653041,0.140144665,0.195298373
168,11432,-4.49E-07,-2.91E-06,-8.47E-07,-0.000434958,-0.00281917,-0.000821587,-0.415384615,-0.243055556,-0.214285714,0.425706844,-0.08320951,0.567795361,0.843031123,0.20498615,0.636363636,2.185420862,-0.225533629,3.103826017,5.018123238,0.596053161,0.39468385,2.254328104,-0.232644799,3.201690961,5.176346782,0.614846969,0.407128399,593.44,0.006652016,-0.026720285,6.59E-06,0.01416177,0.641512361,32.1916719,0.649222065,0.253107397,0.14194831,0.16500994
169,11433,-6.49E-07,-1.59E-06,-1.05E-06,-0.000920455,-0.002256599,-0.001484605,-0.322916667,-0.195876289,-0.320512821,0.526946108,-0.029076305,1.287237955,1.159763314,0.494545455,2.582677165,2.612904184,-0.107485377,7.274562784,8.729475341,2.019062324,4.869503251,1.843339881,-0.0758283,5.132025805,6.158430966,1.424398999,3.435315233,545.74,0.007937072,-0.054871117,0.000369642,0.004436165,-2.300739632,32.82550908,0.475783476,0.25801637,0.244680851,0.134245187
170,11434,1.03E-07,8.93E-07,-5.95E-07,0.000155202,0.001345083,-0.000896722,0.183673469,0.177676538,-0.329113924,0.21913234,-0.165327294,0.716239669,1.102177554,0.0703125,2.134782609,1.448550587,-0.390246426,2.989015158,5.6734898,0.232802773,4.233561538,0.961321634,-0.258984626,1.983641415,3.765176401,0.15449812,2.809576919,640.94,0.008209196,0,0.000494465,0.003311764,1.796119331,28.90058771,0.546153846,0.269087026,0.162170543,0.227596899
171,11435,-7.12E-07,-7.84E-07,-9.26E-07,-0.000561756,-0.000617931,-0.000730282,-0.5,-0.09375,-0.236363636,0.724461516,-0.055571762,0.574596483,1.185873606,0.473469388,0.904494382,2.79005318,-0.142685941,3.726312636,8.960002996,1.086060969,1.507377725,3.538696548,-0.180972266,4.726178611,11.36420334,1.377479193,1.911846122,537.69,0.023069841,-0.005412211,0.000321536,0.01222052,0.906685057,29.01014659,0.534918276,0.23062527,0.180242634,0.105719237
172,11436,-3.08E-07,-7.93E-07,-1.50E-06,-0.000374712,-0.000963546,-0.001820031,-0.5,-0.183673469,-0.607142857,0.477691793,-0.123527176,0.4200105,1.911764706,0.551724138,2.148148148,2.676516246,-0.347947112,2.997698196,10.43841336,1.712970398,6.209517692,2.202711537,-0.2863525,2.467036922,8.590574996,1.409735384,5.110290767,524.69,0.002890284,0,-0.004029438,0.032600439,-0.652564616,67.80314451,0.603448276,0.264451988,0.184755592,0.238608119
173,11691,-2.38E-07,-5.12E-07,-1.55E-07,-0.000331857,-0.000713492,-0.000215707,-0.317460317,-0.084148728,-0.104,0.451332426,-0.141668676,1.442088152,1.253968254,0.035714286,1.424657534,2.256624687,-0.389931472,6.476678779,3.277083644,0.0580749,0.862827086,1.620440134,-0.280002523,4.650782336,2.353212695,0.041702503,0.619580051,536.46,0.005333092,0.015278558,-0.000114002,0.000356711,3.075965647,22.541213,0.522556391,0.248458753,0.201570018,0.114965814
174,11692,7.50E-07,6.17E-06,4.17E-07,0.000999001,0.008214008,0.000555001,1,2,0.4,0.096436059,-0.36979395,1.639868007,0.043478261,-0.535211268,2.166666667,0.74037074,-0.936285936,6.067821068,0.166500167,-1.054501055,1.082251082,0.55600951,-0.703139463,4.556860549,0.12503962,-0.791917593,0.81275753,624.46,0.007917669,0.031995346,7.95E-06,0.015657003,5.566804289,39.67069399,0.349514563,0.251337949,0.400555363,0.043734814
175,11693,4.73E-07,1.74E-06,-2.15E-08,0.00199059,0.00732899,-9.05E-05,0.709677419,1.125,-0.043478261,-0.086780822,-0.173872761,0.814159292,0.303278689,0.590909091,3.846153846,-1.146398842,-0.509410062,8.324285197,1.673905176,1.176257691,2.262034021,-0.19868975,-0.088289131,1.442735356,0.290115262,0.203864779,0.392047651,762.91,0.039283817,0.007644067,2.53E-07,0.003136337,3.477464138,23.55014485,0.481818182,0.237302893,0.148909396,0.120385906
176,11694,1.66E-07,6.86E-07,-1.46E-07,0.000396766,0.001636661,-0.000347171,0.571428571,0.275,-0.368421053,-0.241693551,-0.303801653,1.380066939,0.170103093,-0.497797357,1.052631579,-3.60412637,-0.911570699,5.521499777,0.818330606,-2.802162377,0.495957943,-1.510760349,-0.382107819,2.314475707,0.343023886,-1.174596941,0.207893264,522.91,0.003854646,0.002364058,-1.72E-06,0.020690785,1.613048651,28.32887338,0.444933921,0.243531131,0.224099099,0.131006006
177,11697,0,-1.00E-07,0,0,-0.001470949,0,0,-0.666666667,0,-0.04125,-0.159663866,14.15151515,0,3,0,-0.080902182,-0.093160088,1.144888453,0,0.36773719,0,-0.00551934,-0.006355603,0.07810702,0,0.025087908,0,634.75,0.001096078,0,-1.70E-06,0.002326485,2.336950751,36.79232422,0.37037037,0.217451588,0.573305085,0.057627119
